sku_id,product_name,category,warehouse_id,warehouse_name,current_stock,safety_stock,reorder_point,unit_cost,supplier_id,lead_time_days,last_restock_date,stockout_flag,obsolete_flag
SKU00001,Fastener - Type 1,Fasteners,W1,Bengaluru North DC,242,49,63,6.92,SUP004,18,2023-06-10,0,0
SKU00001,Fastener - Type 1,Fasteners,W2,Chennai Hub,113,44,57,6.92,SUP004,30,2023-06-10,0,0
SKU00001,Fastener - Type 1,Fasteners,W3,Pune Regional,398,98,127,6.92,SUP004,28,2023-06-10,0,0
SKU00001,Fastener - Type 1,Fasteners,W4,Hyderabad DC,329,40,52,6.92,SUP004,27,2023-06-10,0,0
SKU00002,Fastener - Type 2,Fasteners,W2,Chennai Hub,66,65,84,22.21,SUP004,5,2023-06-10,0,0
SKU00002,Fastener - Type 2,Fasteners,W4,Hyderabad DC,476,29,37,22.21,SUP004,45,2023-06-10,0,0
SKU00003,Fastener - Type 3,Fasteners,W1,Bengaluru North DC,409,98,127,21.09,SUP004,23,2023-06-10,0,0
SKU00003,Fastener - Type 3,Fasteners,W3,Pune Regional,37,80,104,21.09,SUP004,36,2023-06-10,1,0
SKU00003,Fastener - Type 3,Fasteners,W4,Hyderabad DC,168,89,115,21.09,SUP004,13,2023-06-10,0,0
SKU00004,Fastener - Type 4,Fasteners,W1,Bengaluru North DC,409,93,120,12.18,SUP004,23,2023-06-10,0,0
SKU00004,Fastener - Type 4,Fasteners,W2,Chennai Hub,43,94,122,12.18,SUP004,11,2023-06-10,1,0
SKU00004,Fastener - Type 4,Fasteners,W3,Pune Regional,172,63,81,12.18,SUP004,43,2023-06-10,0,0
SKU00004,Fastener - Type 4,Fasteners,W4,Hyderabad DC,49,30,39,12.18,SUP004,49,2023-06-10,0,0
SKU00005,Fastener - Type 5,Fasteners,W1,Bengaluru North DC,251,74,96,41.97,SUP013,5,2023-06-10,0,0
SKU00005,Fastener - Type 5,Fasteners,W2,Chennai Hub,278,36,46,41.97,SUP013,28,2023-06-10,0,1
SKU00005,Fastener - Type 5,Fasteners,W3,Pune Regional,151,90,117,41.97,SUP013,13,2023-06-10,0,0
SKU00005,Fastener - Type 5,Fasteners,W4,Hyderabad DC,217,67,87,41.97,SUP013,23,2023-06-10,0,0
SKU00006,Fastener - Type 6,Fasteners,W1,Bengaluru North DC,372,44,57,11.09,SUP013,48,2023-06-10,0,0
SKU00006,Fastener - Type 6,Fasteners,W2,Chennai Hub,46,37,48,11.09,SUP013,37,2023-06-10,0,0
SKU00006,Fastener - Type 6,Fasteners,W3,Pune Regional,134,89,115,11.09,SUP013,13,2023-06-10,0,0
SKU00006,Fastener - Type 6,Fasteners,W4,Hyderabad DC,437,20,26,11.09,SUP013,35,2023-06-10,0,0
SKU00007,Fastener - Type 7,Fasteners,W1,Bengaluru North DC,285,47,61,57.01,SUP004,8,2023-06-10,0,0
SKU00007,Fastener - Type 7,Fasteners,W2,Chennai Hub,176,68,88,57.01,SUP004,37,2023-06-10,0,0
SKU00007,Fastener - Type 7,Fasteners,W4,Hyderabad DC,304,62,80,57.01,SUP004,36,2023-06-10,0,0
SKU00008,Fastener - Type 8,Fasteners,W1,Bengaluru North DC,487,72,93,43.82,SUP004,43,2023-06-10,0,0
SKU00008,Fastener - Type 8,Fasteners,W2,Chennai Hub,3,80,104,43.82,SUP004,10,2023-06-10,1,0
SKU00008,Fastener - Type 8,Fasteners,W3,Pune Regional,300,91,118,43.82,SUP004,8,2023-06-10,0,0
SKU00008,Fastener - Type 8,Fasteners,W4,Hyderabad DC,50,72,93,43.82,SUP004,18,2023-06-10,1,0
SKU00009,Fastener - Type 9,Fasteners,W1,Bengaluru North DC,160,87,113,27.59,SUP004,41,2023-06-10,0,0
SKU00009,Fastener - Type 9,Fasteners,W2,Chennai Hub,62,27,35,27.59,SUP004,33,2023-06-10,0,0
SKU00009,Fastener - Type 9,Fasteners,W3,Pune Regional,226,33,42,27.59,SUP004,37,2023-06-10,0,0
SKU00009,Fastener - Type 9,Fasteners,W4,Hyderabad DC,211,74,96,27.59,SUP004,23,2023-06-10,0,0
SKU00010,Fastener - Type 10,Fasteners,W1,Bengaluru North DC,393,79,102,21.36,SUP004,10,2023-06-10,0,0
SKU00010,Fastener - Type 10,Fasteners,W3,Pune Regional,323,42,54,21.36,SUP004,16,2023-06-10,0,0
SKU00010,Fastener - Type 10,Fasteners,W4,Hyderabad DC,195,56,72,21.36,SUP004,37,2023-06-10,0,0
SKU00011,Fastener - Type 11,Fasteners,W1,Bengaluru North DC,249,24,31,38.29,SUP013,5,2023-06-10,0,1
SKU00011,Fastener - Type 11,Fasteners,W2,Chennai Hub,381,89,115,38.29,SUP013,43,2023-06-10,0,0
SKU00011,Fastener - Type 11,Fasteners,W3,Pune Regional,462,43,55,38.29,SUP013,25,2023-06-10,0,0
SKU00011,Fastener - Type 11,Fasteners,W4,Hyderabad DC,174,26,33,38.29,SUP013,11,2023-06-10,0,0
SKU00012,Fastener - Type 12,Fasteners,W1,Bengaluru North DC,489,84,109,21.59,SUP004,31,2023-06-10,0,0
SKU00012,Fastener - Type 12,Fasteners,W2,Chennai Hub,479,66,85,21.59,SUP004,33,2023-06-10,0,0
SKU00012,Fastener - Type 12,Fasteners,W3,Pune Regional,318,75,97,21.59,SUP004,5,2023-06-10,0,0
SKU00012,Fastener - Type 12,Fasteners,W4,Hyderabad DC,366,87,113,21.59,SUP004,20,2023-06-10,0,0
SKU00013,Electrical Component - Type 1,Electrical Components,W1,Bengaluru North DC,433,76,98,283.87,SUP008,34,2023-06-10,0,0
SKU00013,Electrical Component - Type 1,Electrical Components,W2,Chennai Hub,319,89,115,283.87,SUP008,35,2023-06-10,0,0
SKU00013,Electrical Component - Type 1,Electrical Components,W3,Pune Regional,126,36,46,283.87,SUP008,22,2023-06-10,0,0
SKU00013,Electrical Component - Type 1,Electrical Components,W4,Hyderabad DC,229,22,28,283.87,SUP008,19,2023-06-10,0,0
SKU00014,Electrical Component - Type 2,Electrical Components,W1,Bengaluru North DC,297,73,94,438.65,SUP008,16,2023-06-10,0,0
SKU00014,Electrical Component - Type 2,Electrical Components,W3,Pune Regional,41,20,26,438.65,SUP008,49,2023-06-10,0,0
SKU00014,Electrical Component - Type 2,Electrical Components,W4,Hyderabad DC,257,94,122,438.65,SUP008,24,2023-06-10,0,0
SKU00015,Electrical Component - Type 3,Electrical Components,W1,Bengaluru North DC,58,51,66,460.2,SUP008,32,2023-06-10,0,0
SKU00015,Electrical Component - Type 3,Electrical Components,W2,Chennai Hub,117,41,53,460.2,SUP008,7,2023-06-10,0,0
SKU00015,Electrical Component - Type 3,Electrical Components,W3,Pune Regional,79,60,78,460.2,SUP008,43,2023-06-10,0,0
SKU00015,Electrical Component - Type 3,Electrical Components,W4,Hyderabad DC,355,62,80,460.2,SUP008,25,2023-06-10,0,0
SKU00016,Electrical Component - Type 4,Electrical Components,W1,Bengaluru North DC,298,83,107,507.08,SUP008,11,2023-06-10,0,0
SKU00016,Electrical Component - Type 4,Electrical Components,W2,Chennai Hub,273,23,29,507.08,SUP008,40,2023-06-10,0,0
SKU00016,Electrical Component - Type 4,Electrical Components,W3,Pune Regional,429,32,41,507.08,SUP008,33,2023-06-10,0,0
SKU00016,Electrical Component - Type 4,Electrical Components,W4,Hyderabad DC,477,94,122,507.08,SUP008,21,2023-06-10,0,0
SKU00017,Electrical Component - Type 5,Electrical Components,W1,Bengaluru North DC,324,82,106,819.03,SUP008,16,2023-06-10,0,0
SKU00017,Electrical Component - Type 5,Electrical Components,W2,Chennai Hub,387,30,39,819.03,SUP008,28,2023-06-10,0,0
SKU00017,Electrical Component - Type 5,Electrical Components,W4,Hyderabad DC,70,28,36,819.03,SUP008,30,2023-06-10,0,0
SKU00018,Electrical Component - Type 6,Electrical Components,W1,Bengaluru North DC,69,29,37,516.7,SUP008,10,2023-06-10,0,0
SKU00018,Electrical Component - Type 6,Electrical Components,W2,Chennai Hub,377,62,80,516.7,SUP008,10,2023-06-10,0,0
SKU00018,Electrical Component - Type 6,Electrical Components,W4,Hyderabad DC,117,65,84,516.7,SUP008,6,2023-06-10,0,0
SKU00019,Electrical Component - Type 7,Electrical Components,W1,Bengaluru North DC,124,34,44,358.44,SUP008,44,2023-06-10,0,0
SKU00019,Electrical Component - Type 7,Electrical Components,W2,Chennai Hub,68,98,127,358.44,SUP008,49,2023-06-10,1,0
SKU00019,Electrical Component - Type 7,Electrical Components,W3,Pune Regional,474,27,35,358.44,SUP008,23,2023-06-10,0,0
SKU00019,Electrical Component - Type 7,Electrical Components,W4,Hyderabad DC,39,32,41,358.44,SUP008,44,2023-06-10,0,0
SKU00020,Electrical Component - Type 8,Electrical Components,W1,Bengaluru North DC,83,20,26,696.68,SUP008,7,2023-06-10,0,1
SKU00020,Electrical Component - Type 8,Electrical Components,W3,Pune Regional,72,89,115,696.68,SUP008,43,2023-06-10,1,0
SKU00020,Electrical Component - Type 8,Electrical Components,W4,Hyderabad DC,255,36,46,696.68,SUP008,37,2023-06-10,0,1
SKU00021,Electrical Component - Type 9,Electrical Components,W1,Bengaluru North DC,67,42,54,720.51,SUP008,42,2023-06-10,0,0
SKU00021,Electrical Component - Type 9,Electrical Components,W2,Chennai Hub,79,20,26,720.51,SUP008,16,2023-06-10,0,0
SKU00021,Electrical Component - Type 9,Electrical Components,W3,Pune Regional,95,46,59,720.51,SUP008,12,2023-06-10,0,0
SKU00021,Electrical Component - Type 9,Electrical Components,W4,Hyderabad DC,66,38,49,720.51,SUP008,5,2023-06-10,0,0
SKU00022,Electrical Component - Type 10,Electrical Components,W3,Pune Regional,342,81,105,396.61,SUP008,33,2023-06-10,0,0
SKU00022,Electrical Component - Type 10,Electrical Components,W4,Hyderabad DC,151,30,39,396.61,SUP008,30,2023-06-10,0,0
SKU00023,Electrical Component - Type 11,Electrical Components,W1,Bengaluru North DC,178,82,106,335.82,SUP008,29,2023-06-10,0,0
SKU00023,Electrical Component - Type 11,Electrical Components,W2,Chennai Hub,462,83,107,335.82,SUP008,15,2023-06-10,0,0
SKU00023,Electrical Component - Type 11,Electrical Components,W3,Pune Regional,244,94,122,335.82,SUP008,41,2023-06-10,0,0
SKU00024,Electrical Component - Type 12,Electrical Components,W1,Bengaluru North DC,255,65,84,439.12,SUP008,19,2023-06-10,0,0
SKU00024,Electrical Component - Type 12,Electrical Components,W2,Chennai Hub,377,70,91,439.12,SUP008,47,2023-06-10,0,0
SKU00024,Electrical Component - Type 12,Electrical Components,W3,Pune Regional,341,20,26,439.12,SUP008,7,2023-06-10,0,0
SKU00024,Electrical Component - Type 12,Electrical Components,W4,Hyderabad DC,28,97,126,439.12,SUP008,34,2023-06-10,1,0
SKU00025,Electrical Component - Type 13,Electrical Components,W2,Chennai Hub,310,90,117,400.14,SUP008,10,2023-06-10,0,0
SKU00025,Electrical Component - Type 13,Electrical Components,W3,Pune Regional,333,65,84,400.14,SUP008,13,2023-06-10,0,0
SKU00025,Electrical Component - Type 13,Electrical Components,W4,Hyderabad DC,15,95,123,400.14,SUP008,11,2023-06-10,1,0
SKU00026,Hand Tool - Type 1,Hand Tools,W2,Chennai Hub,97,96,124,523.51,SUP011,30,2025-12-01,0,0
SKU00026,Hand Tool - Type 1,Hand Tools,W3,Pune Regional,302,63,81,523.51,SUP011,9,2025-12-01,0,0
SKU00026,Hand Tool - Type 1,Hand Tools,W4,Hyderabad DC,202,97,126,523.51,SUP011,44,2025-12-01,0,0
SKU00027,Hand Tool - Type 2,Hand Tools,W1,Bengaluru North DC,342,93,120,933.87,SUP011,18,2025-12-01,0,0
SKU00027,Hand Tool - Type 2,Hand Tools,W2,Chennai Hub,184,33,42,933.87,SUP011,42,2025-12-01,0,0
SKU00027,Hand Tool - Type 2,Hand Tools,W3,Pune Regional,176,66,85,933.87,SUP011,13,2025-12-01,0,0
SKU00028,Hand Tool - Type 3,Hand Tools,W1,Bengaluru North DC,86,67,87,1242.64,SUP011,6,2025-12-01,0,0
SKU00028,Hand Tool - Type 3,Hand Tools,W2,Chennai Hub,36,57,74,1242.64,SUP011,44,2025-12-01,1,0
SKU00028,Hand Tool - Type 3,Hand Tools,W3,Pune Regional,272,47,61,1242.64,SUP011,9,2025-12-01,0,0
SKU00028,Hand Tool - Type 3,Hand Tools,W4,Hyderabad DC,329,48,62,1242.64,SUP011,42,2025-12-01,0,0
SKU00029,Hand Tool - Type 4,Hand Tools,W1,Bengaluru North DC,392,78,101,1396.1,SUP011,16,2025-12-01,0,0
SKU00029,Hand Tool - Type 4,Hand Tools,W2,Chennai Hub,224,90,117,1396.1,SUP011,6,2025-12-01,0,0
SKU00029,Hand Tool - Type 4,Hand Tools,W3,Pune Regional,493,24,31,1396.1,SUP011,13,2025-12-01,0,0
SKU00029,Hand Tool - Type 4,Hand Tools,W4,Hyderabad DC,415,61,79,1396.1,SUP011,16,2025-12-01,0,0
SKU00030,Hand Tool - Type 5,Hand Tools,W2,Chennai Hub,209,50,65,187.69,SUP010,28,2025-12-01,0,0
SKU00030,Hand Tool - Type 5,Hand Tools,W3,Pune Regional,371,62,80,187.69,SUP010,11,2025-12-01,0,1
SKU00030,Hand Tool - Type 5,Hand Tools,W4,Hyderabad DC,440,34,44,187.69,SUP010,22,2025-12-01,0,0
SKU00031,Hand Tool - Type 6,Hand Tools,W1,Bengaluru North DC,121,84,109,209.82,SUP011,25,2025-12-01,0,0
SKU00031,Hand Tool - Type 6,Hand Tools,W2,Chennai Hub,10,72,93,209.82,SUP011,40,2025-12-01,1,0
SKU00031,Hand Tool - Type 6,Hand Tools,W3,Pune Regional,164,96,124,209.82,SUP011,35,2025-12-01,0,0
SKU00031,Hand Tool - Type 6,Hand Tools,W4,Hyderabad DC,483,58,75,209.82,SUP011,41,2025-12-01,0,0
SKU00032,Hand Tool - Type 7,Hand Tools,W1,Bengaluru North DC,6,33,42,1423.8,SUP011,39,2025-12-01,1,0
SKU00032,Hand Tool - Type 7,Hand Tools,W3,Pune Regional,69,36,46,1423.8,SUP011,46,2025-12-01,0,0
SKU00033,Hand Tool - Type 8,Hand Tools,W1,Bengaluru North DC,341,70,91,388.5,SUP010,5,2025-12-01,0,0
SKU00033,Hand Tool - Type 8,Hand Tools,W2,Chennai Hub,216,43,55,388.5,SUP010,43,2025-12-01,0,0
SKU00033,Hand Tool - Type 8,Hand Tools,W3,Pune Regional,114,65,84,388.5,SUP010,26,2025-12-01,0,0
SKU00033,Hand Tool - Type 8,Hand Tools,W4,Hyderabad DC,145,63,81,388.5,SUP010,40,2025-12-01,0,0
SKU00034,Hand Tool - Type 9,Hand Tools,W1,Bengaluru North DC,87,28,36,349.68,SUP011,20,2025-12-01,0,0
SKU00034,Hand Tool - Type 9,Hand Tools,W2,Chennai Hub,62,36,46,349.68,SUP011,37,2025-12-01,0,0
SKU00034,Hand Tool - Type 9,Hand Tools,W3,Pune Regional,13,87,113,349.68,SUP011,45,2025-12-01,1,0
SKU00034,Hand Tool - Type 9,Hand Tools,W4,Hyderabad DC,58,39,50,349.68,SUP011,27,2025-12-01,0,0
SKU00035,Hand Tool - Type 10,Hand Tools,W1,Bengaluru North DC,444,48,62,986.97,SUP011,34,2025-12-01,0,0
SKU00035,Hand Tool - Type 10,Hand Tools,W2,Chennai Hub,249,72,93,986.97,SUP011,32,2025-12-01,0,0
SKU00035,Hand Tool - Type 10,Hand Tools,W3,Pune Regional,27,50,65,986.97,SUP011,33,2025-12-01,1,0
SKU00036,Hand Tool - Type 11,Hand Tools,W2,Chennai Hub,10,73,94,200.26,SUP010,21,2025-12-01,1,0
SKU00036,Hand Tool - Type 11,Hand Tools,W3,Pune Regional,479,45,58,200.26,SUP010,20,2025-12-01,0,0
SKU00037,Hand Tool - Type 12,Hand Tools,W1,Bengaluru North DC,381,52,67,1171.0,SUP011,39,2025-12-01,0,0
SKU00037,Hand Tool - Type 12,Hand Tools,W3,Pune Regional,204,67,87,1171.0,SUP011,40,2025-12-01,0,0
SKU00038,Hand Tool - Type 13,Hand Tools,W1,Bengaluru North DC,349,40,52,217.48,SUP010,16,2025-12-01,0,0
SKU00038,Hand Tool - Type 13,Hand Tools,W3,Pune Regional,412,90,117,217.48,SUP010,36,2025-12-01,0,0
SKU00038,Hand Tool - Type 13,Hand Tools,W4,Hyderabad DC,57,85,110,217.48,SUP010,49,2025-12-01,1,0
SKU00039,Hand Tool - Type 14,Hand Tools,W3,Pune Regional,6,81,105,828.95,SUP011,40,2025-12-01,1,0
SKU00039,Hand Tool - Type 14,Hand Tools,W4,Hyderabad DC,146,21,27,828.95,SUP011,32,2025-12-01,0,0
SKU00040,Hand Tool - Type 15,Hand Tools,W1,Bengaluru North DC,8,20,26,580.89,SUP010,32,2025-12-01,1,0
SKU00040,Hand Tool - Type 15,Hand Tools,W2,Chennai Hub,107,76,98,580.89,SUP010,28,2025-12-01,0,0
SKU00040,Hand Tool - Type 15,Hand Tools,W4,Hyderabad DC,153,50,65,580.89,SUP010,7,2025-12-01,0,0
SKU00041,Hand Tool - Type 16,Hand Tools,W1,Bengaluru North DC,295,28,36,1584.93,SUP010,18,2025-12-01,0,0
SKU00041,Hand Tool - Type 16,Hand Tools,W2,Chennai Hub,43,84,109,1584.93,SUP010,13,2025-12-01,1,1
SKU00041,Hand Tool - Type 16,Hand Tools,W3,Pune Regional,127,22,28,1584.93,SUP010,34,2025-12-01,0,0
SKU00041,Hand Tool - Type 16,Hand Tools,W4,Hyderabad DC,315,36,46,1584.93,SUP010,40,2025-12-01,0,0
SKU00042,Hand Tool - Type 17,Hand Tools,W1,Bengaluru North DC,334,73,94,790.38,SUP010,38,2025-12-01,0,0
SKU00042,Hand Tool - Type 17,Hand Tools,W2,Chennai Hub,0,95,123,790.38,SUP010,9,2025-12-01,1,1
SKU00042,Hand Tool - Type 17,Hand Tools,W3,Pune Regional,438,82,106,790.38,SUP010,22,2025-12-01,0,0
SKU00042,Hand Tool - Type 17,Hand Tools,W4,Hyderabad DC,312,21,27,790.38,SUP010,17,2025-12-01,0,0
SKU00043,Power Tool - Type 1,Power Tools,W1,Bengaluru North DC,283,26,33,5363.21,SUP009,45,2025-12-01,0,0
SKU00043,Power Tool - Type 1,Power Tools,W3,Pune Regional,159,20,26,5363.21,SUP009,38,2025-12-01,0,0
SKU00043,Power Tool - Type 1,Power Tools,W4,Hyderabad DC,79,78,101,5363.21,SUP009,32,2025-12-01,0,0
SKU00044,Power Tool - Type 2,Power Tools,W2,Chennai Hub,422,34,44,11785.11,SUP002,34,2025-12-01,0,0
SKU00044,Power Tool - Type 2,Power Tools,W3,Pune Regional,423,32,41,11785.11,SUP002,20,2025-12-01,0,0
SKU00045,Power Tool - Type 3,Power Tools,W1,Bengaluru North DC,103,72,93,12419.32,SUP008,11,2025-12-01,0,0
SKU00045,Power Tool - Type 3,Power Tools,W2,Chennai Hub,174,27,35,12419.32,SUP008,43,2025-12-01,0,0
SKU00045,Power Tool - Type 3,Power Tools,W4,Hyderabad DC,7,39,50,12419.32,SUP008,7,2025-12-01,1,0
SKU00046,Power Tool - Type 4,Power Tools,W1,Bengaluru North DC,38,65,84,8274.15,SUP012,26,2025-12-01,1,0
SKU00046,Power Tool - Type 4,Power Tools,W2,Chennai Hub,188,39,50,8274.15,SUP012,24,2025-12-01,0,0
SKU00046,Power Tool - Type 4,Power Tools,W3,Pune Regional,0,41,53,8274.15,SUP012,44,2025-12-01,1,0
SKU00046,Power Tool - Type 4,Power Tools,W4,Hyderabad DC,169,48,62,8274.15,SUP012,10,2025-12-01,0,0
SKU00047,Power Tool - Type 5,Power Tools,W2,Chennai Hub,222,26,33,15074.66,SUP011,6,2025-12-01,0,0
SKU00047,Power Tool - Type 5,Power Tools,W3,Pune Regional,75,53,68,15074.66,SUP011,25,2025-12-01,0,0
SKU00047,Power Tool - Type 5,Power Tools,W4,Hyderabad DC,351,39,50,15074.66,SUP011,9,2025-12-01,0,0
SKU00048,Power Tool - Type 6,Power Tools,W1,Bengaluru North DC,229,44,57,9611.0,SUP002,24,2025-12-01,0,0
SKU00048,Power Tool - Type 6,Power Tools,W2,Chennai Hub,496,78,101,9611.0,SUP002,14,2025-12-01,0,0
SKU00048,Power Tool - Type 6,Power Tools,W3,Pune Regional,239,37,48,9611.0,SUP002,28,2025-12-01,0,0
SKU00049,Power Tool - Type 7,Power Tools,W1,Bengaluru North DC,284,82,106,17561.61,SUP013,47,2025-12-01,0,0
SKU00049,Power Tool - Type 7,Power Tools,W2,Chennai Hub,187,78,101,17561.61,SUP013,33,2025-12-01,0,0
SKU00049,Power Tool - Type 7,Power Tools,W3,Pune Regional,499,45,58,17561.61,SUP013,40,2025-12-01,0,0
SKU00049,Power Tool - Type 7,Power Tools,W4,Hyderabad DC,296,23,29,17561.61,SUP013,48,2025-12-01,0,0
SKU00050,Power Tool - Type 8,Power Tools,W1,Bengaluru North DC,51,36,46,4296.93,SUP008,32,2025-12-01,0,0
SKU00050,Power Tool - Type 8,Power Tools,W2,Chennai Hub,453,85,110,4296.93,SUP008,34,2025-12-01,0,0
SKU00050,Power Tool - Type 8,Power Tools,W3,Pune Regional,379,20,26,4296.93,SUP008,9,2025-12-01,0,0
SKU00050,Power Tool - Type 8,Power Tools,W4,Hyderabad DC,21,53,68,4296.93,SUP008,31,2025-12-01,1,0
SKU00051,Power Tool - Type 9,Power Tools,W1,Bengaluru North DC,319,74,96,11319.42,SUP012,44,2025-12-01,0,0
SKU00051,Power Tool - Type 9,Power Tools,W2,Chennai Hub,458,36,46,11319.42,SUP012,47,2025-12-01,0,0
SKU00051,Power Tool - Type 9,Power Tools,W3,Pune Regional,191,87,113,11319.42,SUP012,26,2025-12-01,0,0
SKU00051,Power Tool - Type 9,Power Tools,W4,Hyderabad DC,335,80,104,11319.42,SUP012,19,2025-12-01,0,0
SKU00052,Power Tool - Type 10,Power Tools,W3,Pune Regional,180,31,40,5929.22,SUP005,11,2025-12-01,0,0
SKU00052,Power Tool - Type 10,Power Tools,W4,Hyderabad DC,359,30,39,5929.22,SUP005,26,2025-12-01,0,0
SKU00053,Power Tool - Type 11,Power Tools,W2,Chennai Hub,370,54,70,5267.66,SUP010,16,2025-12-01,0,0
SKU00053,Power Tool - Type 11,Power Tools,W3,Pune Regional,150,81,105,5267.66,SUP010,30,2025-12-01,0,0
SKU00053,Power Tool - Type 11,Power Tools,W4,Hyderabad DC,460,47,61,5267.66,SUP010,9,2025-12-01,0,0
SKU00054,Power Tool - Type 12,Power Tools,W2,Chennai Hub,235,42,54,5572.02,SUP012,27,2025-12-01,0,0
SKU00054,Power Tool - Type 12,Power Tools,W3,Pune Regional,36,28,36,5572.02,SUP012,48,2025-12-01,0,0
SKU00054,Power Tool - Type 12,Power Tools,W4,Hyderabad DC,336,34,44,5572.02,SUP012,14,2025-12-01,0,0
SKU00055,Power Tool - Type 13,Power Tools,W1,Bengaluru North DC,167,29,37,1387.89,SUP003,8,2025-12-01,0,0
SKU00055,Power Tool - Type 13,Power Tools,W3,Pune Regional,242,23,29,1387.89,SUP003,15,2025-12-01,0,0
SKU00056,Power Tool - Type 14,Power Tools,W1,Bengaluru North DC,136,39,50,9363.96,SUP005,5,2025-12-01,0,0
SKU00056,Power Tool - Type 14,Power Tools,W2,Chennai Hub,343,94,122,9363.96,SUP005,25,2025-12-01,0,0
SKU00056,Power Tool - Type 14,Power Tools,W3,Pune Regional,124,78,101,9363.96,SUP005,48,2025-12-01,0,0
SKU00057,Power Tool - Type 15,Power Tools,W1,Bengaluru North DC,143,83,107,2350.47,SUP003,34,2025-12-01,0,0
SKU00057,Power Tool - Type 15,Power Tools,W2,Chennai Hub,226,88,114,2350.47,SUP003,36,2025-12-01,0,0
SKU00057,Power Tool - Type 15,Power Tools,W4,Hyderabad DC,51,79,102,2350.47,SUP003,34,2025-12-01,1,0
SKU00058,Power Tool - Type 16,Power Tools,W1,Bengaluru North DC,444,30,39,7375.58,SUP014,37,2025-12-01,0,0
SKU00058,Power Tool - Type 16,Power Tools,W2,Chennai Hub,34,45,58,7375.58,SUP014,24,2025-12-01,1,0
SKU00058,Power Tool - Type 16,Power Tools,W3,Pune Regional,133,73,94,7375.58,SUP014,24,2025-12-01,0,0
SKU00058,Power Tool - Type 16,Power Tools,W4,Hyderabad DC,471,98,127,7375.58,SUP014,10,2025-12-01,0,0
SKU00059,Power Tool - Type 17,Power Tools,W1,Bengaluru North DC,410,74,96,7824.17,SUP012,41,2025-12-01,0,0
SKU00059,Power Tool - Type 17,Power Tools,W2,Chennai Hub,164,98,127,7824.17,SUP012,40,2025-12-01,0,0
SKU00059,Power Tool - Type 17,Power Tools,W3,Pune Regional,35,75,97,7824.17,SUP012,10,2025-12-01,1,1
SKU00059,Power Tool - Type 17,Power Tools,W4,Hyderabad DC,481,32,41,7824.17,SUP012,37,2025-12-01,0,0
SKU00060,Power Tool - Type 18,Power Tools,W1,Bengaluru North DC,42,92,119,2838.69,SUP012,42,2025-12-01,1,1
SKU00060,Power Tool - Type 18,Power Tools,W3,Pune Regional,45,67,87,2838.69,SUP012,45,2025-12-01,1,0
SKU00060,Power Tool - Type 18,Power Tools,W4,Hyderabad DC,92,71,92,2838.69,SUP012,36,2025-12-01,0,0
SKU00061,Power Tool - Type 19,Power Tools,W2,Chennai Hub,361,34,44,6929.75,SUP011,13,2025-12-01,0,0
SKU00061,Power Tool - Type 19,Power Tools,W3,Pune Regional,360,65,84,6929.75,SUP011,19,2025-12-01,0,0
SKU00061,Power Tool - Type 19,Power Tools,W4,Hyderabad DC,237,70,91,6929.75,SUP011,46,2025-12-01,0,0
SKU00062,Power Tool - Type 20,Power Tools,W1,Bengaluru North DC,280,53,68,12635.78,SUP007,14,2025-12-01,0,0
SKU00062,Power Tool - Type 20,Power Tools,W3,Pune Regional,20,80,104,12635.78,SUP007,27,2025-12-01,1,0
SKU00063,Safety Equipment - Type 1,Safety Equipment,W1,Bengaluru North DC,25,74,96,1450.22,SUP005,15,2025-12-01,1,0
SKU00063,Safety Equipment - Type 1,Safety Equipment,W2,Chennai Hub,477,85,110,1450.22,SUP005,32,2025-12-01,0,1
SKU00063,Safety Equipment - Type 1,Safety Equipment,W3,Pune Regional,471,98,127,1450.22,SUP005,21,2025-12-01,0,0
SKU00063,Safety Equipment - Type 1,Safety Equipment,W4,Hyderabad DC,241,41,53,1450.22,SUP005,46,2025-12-01,0,0
SKU00064,Safety Equipment - Type 2,Safety Equipment,W1,Bengaluru North DC,30,66,85,225.36,SUP005,27,2025-12-01,1,0
SKU00064,Safety Equipment - Type 2,Safety Equipment,W2,Chennai Hub,411,23,29,225.36,SUP005,22,2025-12-01,0,0
SKU00064,Safety Equipment - Type 2,Safety Equipment,W3,Pune Regional,230,58,75,225.36,SUP005,21,2025-12-01,0,0
SKU00064,Safety Equipment - Type 2,Safety Equipment,W4,Hyderabad DC,127,79,102,225.36,SUP005,20,2025-12-01,0,0
SKU00065,Safety Equipment - Type 3,Safety Equipment,W1,Bengaluru North DC,296,34,44,1314.52,SUP005,39,2025-12-01,0,0
SKU00065,Safety Equipment - Type 3,Safety Equipment,W2,Chennai Hub,423,90,117,1314.52,SUP005,33,2025-12-01,0,0
SKU00065,Safety Equipment - Type 3,Safety Equipment,W3,Pune Regional,384,81,105,1314.52,SUP005,10,2025-12-01,0,0
SKU00065,Safety Equipment - Type 3,Safety Equipment,W4,Hyderabad DC,330,80,104,1314.52,SUP005,11,2025-12-01,0,1
SKU00066,Safety Equipment - Type 4,Safety Equipment,W1,Bengaluru North DC,354,43,55,1506.09,SUP005,40,2025-12-01,0,0
SKU00066,Safety Equipment - Type 4,Safety Equipment,W2,Chennai Hub,82,86,111,1506.09,SUP005,44,2025-12-01,1,0
SKU00066,Safety Equipment - Type 4,Safety Equipment,W3,Pune Regional,446,73,94,1506.09,SUP005,41,2025-12-01,0,0
SKU00066,Safety Equipment - Type 4,Safety Equipment,W4,Hyderabad DC,387,73,94,1506.09,SUP005,35,2025-12-01,0,0
SKU00067,Safety Equipment - Type 5,Safety Equipment,W1,Bengaluru North DC,146,78,101,1005.65,SUP005,11,2025-12-01,0,0
SKU00067,Safety Equipment - Type 5,Safety Equipment,W2,Chennai Hub,209,91,118,1005.65,SUP005,22,2025-12-01,0,0
SKU00067,Safety Equipment - Type 5,Safety Equipment,W3,Pune Regional,199,56,72,1005.65,SUP005,18,2025-12-01,0,0
SKU00067,Safety Equipment - Type 5,Safety Equipment,W4,Hyderabad DC,12,74,96,1005.65,SUP005,5,2025-12-01,1,0
SKU00068,Safety Equipment - Type 6,Safety Equipment,W1,Bengaluru North DC,51,91,118,1088.51,SUP005,38,2025-12-01,1,0
SKU00068,Safety Equipment - Type 6,Safety Equipment,W2,Chennai Hub,427,81,105,1088.51,SUP005,33,2025-12-01,0,0
SKU00068,Safety Equipment - Type 6,Safety Equipment,W3,Pune Regional,6,37,48,1088.51,SUP005,42,2025-12-01,1,0
SKU00068,Safety Equipment - Type 6,Safety Equipment,W4,Hyderabad DC,482,79,102,1088.51,SUP005,20,2025-12-01,0,0
SKU00069,Safety Equipment - Type 7,Safety Equipment,W1,Bengaluru North DC,236,48,62,995.79,SUP005,40,2025-12-01,0,0
SKU00069,Safety Equipment - Type 7,Safety Equipment,W2,Chennai Hub,401,23,29,995.79,SUP005,19,2025-12-01,0,0
SKU00069,Safety Equipment - Type 7,Safety Equipment,W3,Pune Regional,328,34,44,995.79,SUP005,40,2025-12-01,0,0
SKU00069,Safety Equipment - Type 7,Safety Equipment,W4,Hyderabad DC,448,68,88,995.79,SUP005,26,2025-12-01,0,0
SKU00070,Safety Equipment - Type 8,Safety Equipment,W1,Bengaluru North DC,172,36,46,121.19,SUP005,28,2025-12-01,0,0
SKU00070,Safety Equipment - Type 8,Safety Equipment,W2,Chennai Hub,461,50,65,121.19,SUP005,16,2025-12-01,0,0
SKU00070,Safety Equipment - Type 8,Safety Equipment,W3,Pune Regional,290,87,113,121.19,SUP005,23,2025-12-01,0,0
SKU00070,Safety Equipment - Type 8,Safety Equipment,W4,Hyderabad DC,232,99,128,121.19,SUP005,24,2025-12-01,0,0
SKU00071,Safety Equipment - Type 9,Safety Equipment,W1,Bengaluru North DC,315,99,128,1621.04,SUP005,45,2025-12-01,0,0
SKU00071,Safety Equipment - Type 9,Safety Equipment,W2,Chennai Hub,308,83,107,1621.04,SUP005,49,2025-12-01,0,0
SKU00071,Safety Equipment - Type 9,Safety Equipment,W3,Pune Regional,421,68,88,1621.04,SUP005,13,2025-12-01,0,0
SKU00071,Safety Equipment - Type 9,Safety Equipment,W4,Hyderabad DC,305,65,84,1621.04,SUP005,18,2025-12-01,0,0
SKU00072,Safety Equipment - Type 10,Safety Equipment,W1,Bengaluru North DC,1,88,114,1273.06,SUP005,11,2025-12-01,1,0
SKU00072,Safety Equipment - Type 10,Safety Equipment,W2,Chennai Hub,363,83,107,1273.06,SUP005,8,2025-12-01,0,1
SKU00072,Safety Equipment - Type 10,Safety Equipment,W4,Hyderabad DC,104,28,36,1273.06,SUP005,30,2025-12-01,0,0
SKU00073,Safety Equipment - Type 11,Safety Equipment,W2,Chennai Hub,331,80,104,1841.77,SUP005,27,2025-12-01,0,0
SKU00073,Safety Equipment - Type 11,Safety Equipment,W3,Pune Regional,496,45,58,1841.77,SUP005,10,2025-12-01,0,0
SKU00073,Safety Equipment - Type 11,Safety Equipment,W4,Hyderabad DC,494,83,107,1841.77,SUP005,9,2025-12-01,0,0
SKU00074,Safety Equipment - Type 12,Safety Equipment,W1,Bengaluru North DC,181,62,80,1277.54,SUP005,22,2025-12-01,0,0
SKU00074,Safety Equipment - Type 12,Safety Equipment,W2,Chennai Hub,224,95,123,1277.54,SUP005,35,2025-12-01,0,0
SKU00074,Safety Equipment - Type 12,Safety Equipment,W3,Pune Regional,439,61,79,1277.54,SUP005,34,2025-12-01,0,0
SKU00074,Safety Equipment - Type 12,Safety Equipment,W4,Hyderabad DC,202,24,31,1277.54,SUP005,16,2025-12-01,0,0
SKU00075,Safety Equipment - Type 13,Safety Equipment,W1,Bengaluru North DC,239,90,117,1179.99,SUP005,17,2025-12-01,0,0
SKU00075,Safety Equipment - Type 13,Safety Equipment,W2,Chennai Hub,446,67,87,1179.99,SUP005,33,2025-12-01,0,0
SKU00075,Safety Equipment - Type 13,Safety Equipment,W3,Pune Regional,122,71,92,1179.99,SUP005,14,2025-12-01,0,0
SKU00075,Safety Equipment - Type 13,Safety Equipment,W4,Hyderabad DC,25,73,94,1179.99,SUP005,34,2025-12-01,1,0
SKU00076,Safety Equipment - Type 14,Safety Equipment,W1,Bengaluru North DC,255,43,55,883.19,SUP005,37,2025-12-01,0,0
SKU00076,Safety Equipment - Type 14,Safety Equipment,W2,Chennai Hub,141,96,124,883.19,SUP005,8,2025-12-01,0,0
SKU00076,Safety Equipment - Type 14,Safety Equipment,W3,Pune Regional,377,21,27,883.19,SUP005,15,2025-12-01,0,0
SKU00077,Plumbing Supplie - Type 1,Plumbing Supplies,W1,Bengaluru North DC,299,45,58,667.06,SUP012,45,2025-12-01,0,0
SKU00077,Plumbing Supplie - Type 1,Plumbing Supplies,W2,Chennai Hub,45,94,122,667.06,SUP012,8,2025-12-01,1,0
SKU00077,Plumbing Supplie - Type 1,Plumbing Supplies,W3,Pune Regional,8,76,98,667.06,SUP012,49,2025-12-01,1,0
SKU00077,Plumbing Supplie - Type 1,Plumbing Supplies,W4,Hyderabad DC,331,34,44,667.06,SUP012,14,2025-12-01,0,0
SKU00078,Plumbing Supplie - Type 2,Plumbing Supplies,W3,Pune Regional,462,84,109,51.77,SUP012,11,2025-12-01,0,0
SKU00078,Plumbing Supplie - Type 2,Plumbing Supplies,W4,Hyderabad DC,278,34,44,51.77,SUP012,10,2025-12-01,0,0
SKU00079,Plumbing Supplie - Type 3,Plumbing Supplies,W2,Chennai Hub,478,56,72,317.73,SUP012,37,2025-12-01,0,0
SKU00079,Plumbing Supplie - Type 3,Plumbing Supplies,W3,Pune Regional,35,73,94,317.73,SUP012,16,2025-12-01,1,0
SKU00079,Plumbing Supplie - Type 3,Plumbing Supplies,W4,Hyderabad DC,186,87,113,317.73,SUP012,45,2025-12-01,0,0
SKU00080,Plumbing Supplie - Type 4,Plumbing Supplies,W1,Bengaluru North DC,308,70,91,507.75,SUP012,22,2025-12-01,0,0
SKU00080,Plumbing Supplie - Type 4,Plumbing Supplies,W2,Chennai Hub,124,54,70,507.75,SUP012,47,2025-12-01,0,0
SKU00080,Plumbing Supplie - Type 4,Plumbing Supplies,W3,Pune Regional,216,79,102,507.75,SUP012,11,2025-12-01,0,0
SKU00081,Plumbing Supplie - Type 5,Plumbing Supplies,W1,Bengaluru North DC,459,89,115,859.46,SUP012,27,2025-12-01,0,1
SKU00081,Plumbing Supplie - Type 5,Plumbing Supplies,W2,Chennai Hub,441,27,35,859.46,SUP012,46,2025-12-01,0,0
SKU00081,Plumbing Supplie - Type 5,Plumbing Supplies,W4,Hyderabad DC,454,91,118,859.46,SUP012,21,2025-12-01,0,0
SKU00082,Plumbing Supplie - Type 6,Plumbing Supplies,W2,Chennai Hub,492,20,26,907.68,SUP012,13,2025-12-01,0,0
SKU00082,Plumbing Supplie - Type 6,Plumbing Supplies,W3,Pune Regional,189,67,87,907.68,SUP012,39,2025-12-01,0,0
SKU00082,Plumbing Supplie - Type 6,Plumbing Supplies,W4,Hyderabad DC,8,48,62,907.68,SUP012,32,2025-12-01,1,0
SKU00083,Plumbing Supplie - Type 7,Plumbing Supplies,W1,Bengaluru North DC,429,99,128,283.05,SUP012,22,2025-12-01,0,0
SKU00083,Plumbing Supplie - Type 7,Plumbing Supplies,W2,Chennai Hub,419,59,76,283.05,SUP012,49,2025-12-01,0,0
SKU00083,Plumbing Supplie - Type 7,Plumbing Supplies,W3,Pune Regional,56,71,92,283.05,SUP012,30,2025-12-01,1,0
SKU00083,Plumbing Supplie - Type 7,Plumbing Supplies,W4,Hyderabad DC,475,70,91,283.05,SUP012,43,2025-12-01,0,0
SKU00084,Plumbing Supplie - Type 8,Plumbing Supplies,W1,Bengaluru North DC,103,48,62,266.2,SUP012,18,2025-12-01,0,0
SKU00084,Plumbing Supplie - Type 8,Plumbing Supplies,W2,Chennai Hub,166,66,85,266.2,SUP012,25,2025-12-01,0,0
SKU00084,Plumbing Supplie - Type 8,Plumbing Supplies,W4,Hyderabad DC,399,57,74,266.2,SUP012,11,2025-12-01,0,0
SKU00085,Plumbing Supplie - Type 9,Plumbing Supplies,W1,Bengaluru North DC,488,85,110,525.29,SUP012,18,2025-12-01,0,0
SKU00085,Plumbing Supplie - Type 9,Plumbing Supplies,W2,Chennai Hub,193,96,124,525.29,SUP012,24,2025-12-01,0,0
SKU00085,Plumbing Supplie - Type 9,Plumbing Supplies,W3,Pune Regional,149,48,62,525.29,SUP012,5,2025-12-01,0,0
SKU00086,Plumbing Supplie - Type 10,Plumbing Supplies,W1,Bengaluru North DC,460,80,104,413.93,SUP012,12,2025-12-01,0,0
SKU00086,Plumbing Supplie - Type 10,Plumbing Supplies,W4,Hyderabad DC,243,36,46,413.93,SUP012,28,2025-12-01,0,0
SKU00087,Plumbing Supplie - Type 11,Plumbing Supplies,W1,Bengaluru North DC,227,99,128,704.55,SUP012,34,2025-12-01,0,0
SKU00087,Plumbing Supplie - Type 11,Plumbing Supplies,W2,Chennai Hub,458,21,27,704.55,SUP012,10,2025-12-01,0,0
SKU00088,Plumbing Supplie - Type 12,Plumbing Supplies,W1,Bengaluru North DC,27,20,26,420.32,SUP012,38,2025-12-01,0,0
SKU00088,Plumbing Supplie - Type 12,Plumbing Supplies,W2,Chennai Hub,418,95,123,420.32,SUP012,31,2025-12-01,0,0
SKU00089,Plumbing Supplie - Type 13,Plumbing Supplies,W2,Chennai Hub,379,63,81,254.3,SUP012,9,2025-12-01,0,0
SKU00089,Plumbing Supplie - Type 13,Plumbing Supplies,W3,Pune Regional,320,35,45,254.3,SUP012,20,2025-12-01,0,0
SKU00089,Plumbing Supplie - Type 13,Plumbing Supplies,W4,Hyderabad DC,84,30,39,254.3,SUP012,30,2025-12-01,0,0
SKU00090,Plumbing Supplie - Type 14,Plumbing Supplies,W1,Bengaluru North DC,170,60,78,688.4,SUP012,28,2025-12-01,0,0
SKU00090,Plumbing Supplie - Type 14,Plumbing Supplies,W2,Chennai Hub,288,48,62,688.4,SUP012,10,2025-12-01,0,0
SKU00090,Plumbing Supplie - Type 14,Plumbing Supplies,W3,Pune Regional,489,99,128,688.4,SUP012,30,2025-12-01,0,0
SKU00090,Plumbing Supplie - Type 14,Plumbing Supplies,W4,Hyderabad DC,446,53,68,688.4,SUP012,29,2025-12-01,0,0
SKU00091,Plumbing Supplie - Type 15,Plumbing Supplies,W1,Bengaluru North DC,297,53,68,132.68,SUP012,21,2025-12-01,0,1
SKU00091,Plumbing Supplie - Type 15,Plumbing Supplies,W2,Chennai Hub,376,91,118,132.68,SUP012,43,2025-12-01,0,0
SKU00091,Plumbing Supplie - Type 15,Plumbing Supplies,W3,Pune Regional,202,46,59,132.68,SUP012,46,2025-12-01,0,0
SKU00091,Plumbing Supplie - Type 15,Plumbing Supplies,W4,Hyderabad DC,88,77,100,132.68,SUP012,46,2025-12-01,0,0
SKU00092,Plumbing Supplie - Type 16,Plumbing Supplies,W1,Bengaluru North DC,318,81,105,947.15,SUP012,25,2025-12-01,0,0
SKU00092,Plumbing Supplie - Type 16,Plumbing Supplies,W2,Chennai Hub,216,31,40,947.15,SUP012,9,2025-12-01,0,0
SKU00092,Plumbing Supplie - Type 16,Plumbing Supplies,W3,Pune Regional,155,70,91,947.15,SUP012,43,2025-12-01,0,0
SKU00092,Plumbing Supplie - Type 16,Plumbing Supplies,W4,Hyderabad DC,373,24,31,947.15,SUP012,20,2025-12-01,0,0
SKU00093,Plumbing Supplie - Type 17,Plumbing Supplies,W1,Bengaluru North DC,429,98,127,578.35,SUP012,31,2025-12-01,0,0
SKU00093,Plumbing Supplie - Type 17,Plumbing Supplies,W2,Chennai Hub,97,71,92,578.35,SUP012,6,2025-12-01,0,0
SKU00093,Plumbing Supplie - Type 17,Plumbing Supplies,W3,Pune Regional,217,48,62,578.35,SUP012,43,2025-12-01,0,0
SKU00094,Pipes & Fitting - Type 1,Pipes & Fittings,W1,Bengaluru North DC,212,48,62,482.18,SUP009,5,2025-12-01,0,0
SKU00094,Pipes & Fitting - Type 1,Pipes & Fittings,W2,Chennai Hub,343,38,49,482.18,SUP009,49,2025-12-01,0,0
SKU00094,Pipes & Fitting - Type 1,Pipes & Fittings,W4,Hyderabad DC,99,74,96,482.18,SUP009,48,2025-12-01,0,0
SKU00095,Pipes & Fitting - Type 2,Pipes & Fittings,W3,Pune Regional,393,29,37,1087.9,SUP009,22,2025-12-01,0,0
SKU00095,Pipes & Fitting - Type 2,Pipes & Fittings,W4,Hyderabad DC,348,30,39,1087.9,SUP009,24,2025-12-01,0,0
SKU00096,Pipes & Fitting - Type 3,Pipes & Fittings,W1,Bengaluru North DC,227,78,101,1065.77,SUP009,27,2025-12-01,0,0
SKU00096,Pipes & Fitting - Type 3,Pipes & Fittings,W2,Chennai Hub,495,88,114,1065.77,SUP009,43,2025-12-01,0,0
SKU00096,Pipes & Fitting - Type 3,Pipes & Fittings,W3,Pune Regional,319,61,79,1065.77,SUP009,11,2025-12-01,0,0
SKU00096,Pipes & Fitting - Type 3,Pipes & Fittings,W4,Hyderabad DC,204,39,50,1065.77,SUP009,13,2025-12-01,0,0
SKU00097,Pipes & Fitting - Type 4,Pipes & Fittings,W2,Chennai Hub,101,99,128,616.09,SUP009,47,2025-12-01,0,0
SKU00097,Pipes & Fitting - Type 4,Pipes & Fittings,W3,Pune Regional,357,70,91,616.09,SUP009,25,2025-12-01,0,0
SKU00097,Pipes & Fitting - Type 4,Pipes & Fittings,W4,Hyderabad DC,312,24,31,616.09,SUP009,43,2025-12-01,0,0
SKU00098,Pipes & Fitting - Type 5,Pipes & Fittings,W1,Bengaluru North DC,210,23,29,958.68,SUP009,11,2025-12-01,0,0
SKU00099,Pipes & Fitting - Type 6,Pipes & Fittings,W1,Bengaluru North DC,366,77,100,560.49,SUP009,10,2025-12-01,0,0
SKU00099,Pipes & Fitting - Type 6,Pipes & Fittings,W2,Chennai Hub,413,58,75,560.49,SUP009,37,2025-12-01,0,0
SKU00099,Pipes & Fitting - Type 6,Pipes & Fittings,W3,Pune Regional,448,92,119,560.49,SUP009,44,2025-12-01,0,0
SKU00099,Pipes & Fitting - Type 6,Pipes & Fittings,W4,Hyderabad DC,384,38,49,560.49,SUP009,48,2025-12-01,0,0
SKU00100,Pipes & Fitting - Type 7,Pipes & Fittings,W2,Chennai Hub,368,65,84,530.67,SUP009,26,2025-12-01,0,0
SKU00100,Pipes & Fitting - Type 7,Pipes & Fittings,W3,Pune Regional,283,79,102,530.67,SUP009,49,2025-12-01,0,0
SKU00100,Pipes & Fitting - Type 7,Pipes & Fittings,W4,Hyderabad DC,293,40,52,530.67,SUP009,7,2025-12-01,0,0
SKU00101,Pipes & Fitting - Type 8,Pipes & Fittings,W1,Bengaluru North DC,299,77,100,64.18,SUP009,40,2025-12-01,0,0
SKU00101,Pipes & Fitting - Type 8,Pipes & Fittings,W2,Chennai Hub,20,30,39,64.18,SUP009,47,2025-12-01,1,0
SKU00101,Pipes & Fitting - Type 8,Pipes & Fittings,W3,Pune Regional,284,59,76,64.18,SUP009,49,2025-12-01,0,0
SKU00101,Pipes & Fitting - Type 8,Pipes & Fittings,W4,Hyderabad DC,319,20,26,64.18,SUP009,8,2025-12-01,0,0
SKU00102,Pipes & Fitting - Type 9,Pipes & Fittings,W1,Bengaluru North DC,449,65,84,706.93,SUP009,5,2025-12-01,0,0
SKU00102,Pipes & Fitting - Type 9,Pipes & Fittings,W2,Chennai Hub,187,30,39,706.93,SUP009,35,2025-12-01,0,0
SKU00102,Pipes & Fitting - Type 9,Pipes & Fittings,W4,Hyderabad DC,311,20,26,706.93,SUP009,33,2025-12-01,0,0
SKU00103,Pipes & Fitting - Type 10,Pipes & Fittings,W1,Bengaluru North DC,121,69,89,70.36,SUP009,37,2025-12-01,0,1
SKU00103,Pipes & Fitting - Type 10,Pipes & Fittings,W2,Chennai Hub,86,90,117,70.36,SUP009,31,2025-12-01,1,0
SKU00103,Pipes & Fitting - Type 10,Pipes & Fittings,W4,Hyderabad DC,360,79,102,70.36,SUP009,48,2025-12-01,0,1
SKU00104,Pipes & Fitting - Type 11,Pipes & Fittings,W1,Bengaluru North DC,125,56,72,90.35,SUP009,17,2025-12-01,0,0
SKU00104,Pipes & Fitting - Type 11,Pipes & Fittings,W2,Chennai Hub,413,99,128,90.35,SUP009,16,2025-12-01,0,0
SKU00104,Pipes & Fitting - Type 11,Pipes & Fittings,W3,Pune Regional,241,41,53,90.35,SUP009,33,2025-12-01,0,0
SKU00104,Pipes & Fitting - Type 11,Pipes & Fittings,W4,Hyderabad DC,407,58,75,90.35,SUP009,8,2025-12-01,0,0
SKU00105,Pipes & Fitting - Type 12,Pipes & Fittings,W1,Bengaluru North DC,400,41,53,1074.46,SUP009,24,2025-12-01,0,0
SKU00105,Pipes & Fitting - Type 12,Pipes & Fittings,W2,Chennai Hub,245,63,81,1074.46,SUP009,33,2025-12-01,0,0
SKU00105,Pipes & Fitting - Type 12,Pipes & Fittings,W3,Pune Regional,202,64,83,1074.46,SUP009,15,2025-12-01,0,1
SKU00105,Pipes & Fitting - Type 12,Pipes & Fittings,W4,Hyderabad DC,121,48,62,1074.46,SUP009,31,2025-12-01,0,0
SKU00106,Pipes & Fitting - Type 13,Pipes & Fittings,W2,Chennai Hub,188,22,28,668.3,SUP009,30,2025-12-01,0,0
SKU00106,Pipes & Fitting - Type 13,Pipes & Fittings,W3,Pune Regional,181,80,104,668.3,SUP009,49,2025-12-01,0,0
SKU00107,Pipes & Fitting - Type 14,Pipes & Fittings,W1,Bengaluru North DC,20,44,57,529.43,SUP009,10,2025-12-01,1,0
SKU00107,Pipes & Fitting - Type 14,Pipes & Fittings,W2,Chennai Hub,369,55,71,529.43,SUP009,47,2025-12-01,0,0
SKU00107,Pipes & Fitting - Type 14,Pipes & Fittings,W3,Pune Regional,71,90,117,529.43,SUP009,22,2025-12-01,1,0
SKU00107,Pipes & Fitting - Type 14,Pipes & Fittings,W4,Hyderabad DC,354,84,109,529.43,SUP009,29,2025-12-01,0,0
SKU00108,Pipes & Fitting - Type 15,Pipes & Fittings,W2,Chennai Hub,188,88,114,1047.5,SUP009,33,2025-12-01,0,0
SKU00108,Pipes & Fitting - Type 15,Pipes & Fittings,W3,Pune Regional,362,63,81,1047.5,SUP009,31,2025-12-01,0,0
SKU00108,Pipes & Fitting - Type 15,Pipes & Fittings,W4,Hyderabad DC,81,64,83,1047.5,SUP009,22,2025-12-01,0,0
SKU00109,Adhesives & Sealant - Type 1,Adhesives & Sealants,W1,Bengaluru North DC,155,40,52,420.81,SUP002,39,2025-12-01,0,0
SKU00109,Adhesives & Sealant - Type 1,Adhesives & Sealants,W3,Pune Regional,497,67,87,420.81,SUP002,38,2025-12-01,0,0
SKU00110,Adhesives & Sealant - Type 2,Adhesives & Sealants,W1,Bengaluru North DC,11,68,88,225.64,SUP014,44,2025-12-01,1,0
SKU00110,Adhesives & Sealant - Type 2,Adhesives & Sealants,W2,Chennai Hub,458,56,72,225.64,SUP014,12,2025-12-01,0,1
SKU00110,Adhesives & Sealant - Type 2,Adhesives & Sealants,W3,Pune Regional,453,35,45,225.64,SUP014,28,2025-12-01,0,0
SKU00110,Adhesives & Sealant - Type 2,Adhesives & Sealants,W4,Hyderabad DC,259,33,42,225.64,SUP014,12,2025-12-01,0,0
SKU00111,Adhesives & Sealant - Type 3,Adhesives & Sealants,W1,Bengaluru North DC,181,56,72,337.6,SUP007,33,2025-12-01,0,0
SKU00111,Adhesives & Sealant - Type 3,Adhesives & Sealants,W2,Chennai Hub,77,71,92,337.6,SUP007,13,2025-12-01,0,0
SKU00111,Adhesives & Sealant - Type 3,Adhesives & Sealants,W3,Pune Regional,297,51,66,337.6,SUP007,43,2025-12-01,0,0
SKU00111,Adhesives & Sealant - Type 3,Adhesives & Sealants,W4,Hyderabad DC,386,99,128,337.6,SUP007,32,2025-12-01,0,0
SKU00112,Adhesives & Sealant - Type 4,Adhesives & Sealants,W1,Bengaluru North DC,343,28,36,211.27,SUP007,9,2025-12-01,0,1
SKU00112,Adhesives & Sealant - Type 4,Adhesives & Sealants,W2,Chennai Hub,260,30,39,211.27,SUP007,42,2025-12-01,0,0
SKU00112,Adhesives & Sealant - Type 4,Adhesives & Sealants,W3,Pune Regional,73,44,57,211.27,SUP007,39,2025-12-01,0,0
SKU00112,Adhesives & Sealant - Type 4,Adhesives & Sealants,W4,Hyderabad DC,425,57,74,211.27,SUP007,31,2025-12-01,0,0
SKU00113,Adhesives & Sealant - Type 5,Adhesives & Sealants,W1,Bengaluru North DC,249,72,93,554.18,SUP002,31,2025-12-01,0,0
SKU00113,Adhesives & Sealant - Type 5,Adhesives & Sealants,W2,Chennai Hub,118,80,104,554.18,SUP002,49,2025-12-01,0,0
SKU00113,Adhesives & Sealant - Type 5,Adhesives & Sealants,W4,Hyderabad DC,280,85,110,554.18,SUP002,47,2025-12-01,0,0
SKU00114,Adhesives & Sealant - Type 6,Adhesives & Sealants,W1,Bengaluru North DC,417,37,48,233.76,SUP002,48,2025-12-01,0,0
SKU00114,Adhesives & Sealant - Type 6,Adhesives & Sealants,W2,Chennai Hub,163,45,58,233.76,SUP002,23,2025-12-01,0,0
SKU00114,Adhesives & Sealant - Type 6,Adhesives & Sealants,W3,Pune Regional,357,29,37,233.76,SUP002,40,2025-12-01,0,0
SKU00114,Adhesives & Sealant - Type 6,Adhesives & Sealants,W4,Hyderabad DC,354,76,98,233.76,SUP002,20,2025-12-01,0,0
SKU00115,Adhesives & Sealant - Type 7,Adhesives & Sealants,W1,Bengaluru North DC,405,46,59,464.49,SUP014,12,2025-12-01,0,0
SKU00115,Adhesives & Sealant - Type 7,Adhesives & Sealants,W2,Chennai Hub,290,61,79,464.49,SUP014,12,2025-12-01,0,0
SKU00115,Adhesives & Sealant - Type 7,Adhesives & Sealants,W3,Pune Regional,215,95,123,464.49,SUP014,46,2025-12-01,0,0
SKU00115,Adhesives & Sealant - Type 7,Adhesives & Sealants,W4,Hyderabad DC,468,43,55,464.49,SUP014,37,2025-12-01,0,0
SKU00116,Adhesives & Sealant - Type 8,Adhesives & Sealants,W1,Bengaluru North DC,417,42,54,356.93,SUP002,41,2025-12-01,0,0
SKU00116,Adhesives & Sealant - Type 8,Adhesives & Sealants,W2,Chennai Hub,87,40,52,356.93,SUP002,31,2025-12-01,0,0
SKU00116,Adhesives & Sealant - Type 8,Adhesives & Sealants,W3,Pune Regional,444,45,58,356.93,SUP002,35,2025-12-01,0,0
SKU00117,Adhesives & Sealant - Type 9,Adhesives & Sealants,W3,Pune Regional,100,86,111,168.2,SUP002,44,2025-12-01,0,0
SKU00117,Adhesives & Sealant - Type 9,Adhesives & Sealants,W4,Hyderabad DC,359,30,39,168.2,SUP002,10,2025-12-01,0,0
SKU00118,Adhesives & Sealant - Type 10,Adhesives & Sealants,W1,Bengaluru North DC,90,41,53,521.78,SUP014,17,2025-12-01,0,0
SKU00118,Adhesives & Sealant - Type 10,Adhesives & Sealants,W2,Chennai Hub,379,38,49,521.78,SUP014,30,2025-12-01,0,0
SKU00118,Adhesives & Sealant - Type 10,Adhesives & Sealants,W3,Pune Regional,125,34,44,521.78,SUP014,29,2025-12-01,0,0
SKU00119,Adhesives & Sealant - Type 11,Adhesives & Sealants,W1,Bengaluru North DC,116,60,78,324.25,SUP007,33,2025-12-01,0,0
SKU00119,Adhesives & Sealant - Type 11,Adhesives & Sealants,W2,Chennai Hub,141,87,113,324.25,SUP007,24,2025-12-01,0,0
SKU00119,Adhesives & Sealant - Type 11,Adhesives & Sealants,W4,Hyderabad DC,254,75,97,324.25,SUP007,17,2025-12-01,0,0
SKU00120,Adhesives & Sealant - Type 12,Adhesives & Sealants,W1,Bengaluru North DC,207,33,42,310.21,SUP007,20,2025-12-01,0,0
SKU00120,Adhesives & Sealant - Type 12,Adhesives & Sealants,W2,Chennai Hub,190,49,63,310.21,SUP007,29,2025-12-01,0,0
SKU00120,Adhesives & Sealant - Type 12,Adhesives & Sealants,W3,Pune Regional,451,91,118,310.21,SUP007,43,2025-12-01,0,0
SKU00120,Adhesives & Sealant - Type 12,Adhesives & Sealants,W4,Hyderabad DC,122,70,91,310.21,SUP007,15,2025-12-01,0,0
SKU00121,Adhesives & Sealant - Type 13,Adhesives & Sealants,W1,Bengaluru North DC,187,51,66,266.53,SUP014,41,2025-12-01,0,0
SKU00121,Adhesives & Sealant - Type 13,Adhesives & Sealants,W2,Chennai Hub,304,24,31,266.53,SUP014,14,2025-12-01,0,0
SKU00121,Adhesives & Sealant - Type 13,Adhesives & Sealants,W3,Pune Regional,237,75,97,266.53,SUP014,13,2025-12-01,0,0
SKU00121,Adhesives & Sealant - Type 13,Adhesives & Sealants,W4,Hyderabad DC,112,54,70,266.53,SUP014,41,2025-12-01,0,0
SKU00122,Adhesives & Sealant - Type 14,Adhesives & Sealants,W1,Bengaluru North DC,159,27,35,259.27,SUP002,10,2025-12-01,0,0
SKU00122,Adhesives & Sealant - Type 14,Adhesives & Sealants,W2,Chennai Hub,423,88,114,259.27,SUP002,46,2025-12-01,0,0
SKU00122,Adhesives & Sealant - Type 14,Adhesives & Sealants,W3,Pune Regional,149,70,91,259.27,SUP002,43,2025-12-01,0,0
SKU00122,Adhesives & Sealant - Type 14,Adhesives & Sealants,W4,Hyderabad DC,287,47,61,259.27,SUP002,37,2025-12-01,0,0
SKU00123,Adhesives & Sealant - Type 15,Adhesives & Sealants,W1,Bengaluru North DC,476,80,104,459.67,SUP014,21,2025-12-01,0,0
SKU00123,Adhesives & Sealant - Type 15,Adhesives & Sealants,W2,Chennai Hub,423,58,75,459.67,SUP014,11,2025-12-01,0,0
SKU00123,Adhesives & Sealant - Type 15,Adhesives & Sealants,W3,Pune Regional,374,44,57,459.67,SUP014,11,2025-12-01,0,0
SKU00123,Adhesives & Sealant - Type 15,Adhesives & Sealants,W4,Hyderabad DC,391,46,59,459.67,SUP014,9,2025-12-01,0,0
SKU00124,Adhesives & Sealant - Type 16,Adhesives & Sealants,W2,Chennai Hub,430,48,62,407.16,SUP014,44,2025-12-01,0,0
SKU00124,Adhesives & Sealant - Type 16,Adhesives & Sealants,W4,Hyderabad DC,160,67,87,407.16,SUP014,48,2025-12-01,0,0
SKU00125,Adhesives & Sealant - Type 17,Adhesives & Sealants,W1,Bengaluru North DC,87,69,89,76.43,SUP014,35,2025-12-01,0,0
SKU00125,Adhesives & Sealant - Type 17,Adhesives & Sealants,W2,Chennai Hub,264,90,117,76.43,SUP014,38,2025-12-01,0,0
SKU00125,Adhesives & Sealant - Type 17,Adhesives & Sealants,W3,Pune Regional,79,55,71,76.43,SUP014,42,2025-12-01,0,0
SKU00125,Adhesives & Sealant - Type 17,Adhesives & Sealants,W4,Hyderabad DC,63,67,87,76.43,SUP014,40,2025-12-01,1,0
SKU00126,Adhesives & Sealant - Type 18,Adhesives & Sealants,W2,Chennai Hub,425,86,111,352.46,SUP002,14,2025-12-01,0,0
SKU00127,Bearing - Type 1,Bearings,W1,Bengaluru North DC,275,48,62,407.58,SUP015,44,2023-06-10,0,0
SKU00127,Bearing - Type 1,Bearings,W2,Chennai Hub,109,50,65,407.58,SUP015,48,2023-06-10,0,0
SKU00127,Bearing - Type 1,Bearings,W3,Pune Regional,151,29,37,407.58,SUP015,27,2023-06-10,0,0
SKU00127,Bearing - Type 1,Bearings,W4,Hyderabad DC,224,95,123,407.58,SUP015,40,2023-06-10,0,0
SKU00128,Bearing - Type 2,Bearings,W1,Bengaluru North DC,104,65,84,1917.4,SUP003,16,2023-06-10,0,0
SKU00128,Bearing - Type 2,Bearings,W2,Chennai Hub,70,64,83,1917.4,SUP003,14,2023-06-10,0,0
SKU00128,Bearing - Type 2,Bearings,W3,Pune Regional,476,92,119,1917.4,SUP003,39,2023-06-10,0,0
SKU00128,Bearing - Type 2,Bearings,W4,Hyderabad DC,315,74,96,1917.4,SUP003,24,2023-06-10,0,0
SKU00129,Bearing - Type 3,Bearings,W2,Chennai Hub,414,47,61,1034.83,SUP003,45,2023-06-10,0,0
SKU00129,Bearing - Type 3,Bearings,W3,Pune Regional,204,99,128,1034.83,SUP003,16,2023-06-10,0,0
SKU00129,Bearing - Type 3,Bearings,W4,Hyderabad DC,486,34,44,1034.83,SUP003,39,2023-06-10,0,0
SKU00130,Bearing - Type 4,Bearings,W1,Bengaluru North DC,31,35,45,1527.22,SUP015,28,2023-06-10,1,0
SKU00130,Bearing - Type 4,Bearings,W2,Chennai Hub,168,29,37,1527.22,SUP015,11,2023-06-10,0,0
SKU00130,Bearing - Type 4,Bearings,W3,Pune Regional,262,33,42,1527.22,SUP015,38,2023-06-10,0,0
SKU00130,Bearing - Type 4,Bearings,W4,Hyderabad DC,389,96,124,1527.22,SUP015,5,2023-06-10,0,0
SKU00131,Bearing - Type 5,Bearings,W1,Bengaluru North DC,54,59,76,1857.62,SUP006,12,2023-06-10,1,0
SKU00131,Bearing - Type 5,Bearings,W2,Chennai Hub,425,50,65,1857.62,SUP006,29,2023-06-10,0,1
SKU00131,Bearing - Type 5,Bearings,W3,Pune Regional,115,62,80,1857.62,SUP006,40,2023-06-10,0,0
SKU00131,Bearing - Type 5,Bearings,W4,Hyderabad DC,381,49,63,1857.62,SUP006,26,2023-06-10,0,0
SKU00132,Bearing - Type 6,Bearings,W1,Bengaluru North DC,64,26,33,804.38,SUP001,42,2023-06-10,0,0
SKU00132,Bearing - Type 6,Bearings,W2,Chennai Hub,237,35,45,804.38,SUP001,30,2023-06-10,0,0
SKU00132,Bearing - Type 6,Bearings,W3,Pune Regional,167,25,32,804.38,SUP001,49,2023-06-10,0,0
SKU00132,Bearing - Type 6,Bearings,W4,Hyderabad DC,108,35,45,804.38,SUP001,21,2023-06-10,0,0
SKU00133,Bearing - Type 7,Bearings,W1,Bengaluru North DC,378,89,115,81.99,SUP006,10,2023-06-10,0,1
SKU00133,Bearing - Type 7,Bearings,W3,Pune Regional,224,29,37,81.99,SUP006,31,2023-06-10,0,0
SKU00134,Bearing - Type 8,Bearings,W1,Bengaluru North DC,353,77,100,499.59,SUP003,28,2023-06-10,0,0
SKU00134,Bearing - Type 8,Bearings,W2,Chennai Hub,132,99,128,499.59,SUP003,43,2023-06-10,0,0
SKU00134,Bearing - Type 8,Bearings,W3,Pune Regional,450,21,27,499.59,SUP003,21,2023-06-10,0,0
SKU00134,Bearing - Type 8,Bearings,W4,Hyderabad DC,401,45,58,499.59,SUP003,7,2023-06-10,0,0
SKU00135,Bearing - Type 9,Bearings,W2,Chennai Hub,466,39,50,1883.55,SUP015,11,2023-06-10,0,0
SKU00135,Bearing - Type 9,Bearings,W3,Pune Regional,285,65,84,1883.55,SUP015,46,2023-06-10,0,0
SKU00136,Bearing - Type 10,Bearings,W1,Bengaluru North DC,55,64,83,432.85,SUP001,12,2023-06-10,1,0
SKU00136,Bearing - Type 10,Bearings,W2,Chennai Hub,445,83,107,432.85,SUP001,20,2023-06-10,0,0
SKU00136,Bearing - Type 10,Bearings,W3,Pune Regional,265,71,92,432.85,SUP001,5,2023-06-10,0,0
SKU00137,Bearing - Type 11,Bearings,W3,Pune Regional,408,22,28,645.58,SUP006,33,2023-06-10,0,0
SKU00137,Bearing - Type 11,Bearings,W4,Hyderabad DC,58,47,61,645.58,SUP006,26,2023-06-10,0,0
SKU00138,Bearing - Type 12,Bearings,W2,Chennai Hub,407,26,33,989.79,SUP001,29,2023-06-10,0,1
SKU00138,Bearing - Type 12,Bearings,W3,Pune Regional,35,67,87,989.79,SUP001,37,2023-06-10,1,0
SKU00138,Bearing - Type 12,Bearings,W4,Hyderabad DC,94,49,63,989.79,SUP001,40,2023-06-10,0,1
SKU00139,Bearing - Type 13,Bearings,W1,Bengaluru North DC,89,86,111,2355.14,SUP001,48,2023-06-10,0,0
SKU00139,Bearing - Type 13,Bearings,W2,Chennai Hub,290,88,114,2355.14,SUP001,46,2023-06-10,0,0
SKU00139,Bearing - Type 13,Bearings,W3,Pune Regional,287,58,75,2355.14,SUP001,42,2023-06-10,0,0
SKU00139,Bearing - Type 13,Bearings,W4,Hyderabad DC,444,60,78,2355.14,SUP001,17,2023-06-10,0,0
SKU00140,Bearing - Type 14,Bearings,W1,Bengaluru North DC,366,94,122,1893.14,SUP006,34,2023-06-10,0,0
SKU00140,Bearing - Type 14,Bearings,W2,Chennai Hub,99,20,26,1893.14,SUP006,16,2023-06-10,0,0
SKU00140,Bearing - Type 14,Bearings,W4,Hyderabad DC,450,23,29,1893.14,SUP006,17,2023-06-10,0,0
SKU00141,Industrial Lighting - Type 1,Industrial Lighting,W2,Chennai Hub,212,25,32,3530.56,SUP003,36,2025-12-01,0,0
SKU00141,Industrial Lighting - Type 1,Industrial Lighting,W3,Pune Regional,269,72,93,3530.56,SUP003,34,2025-12-01,0,0
SKU00141,Industrial Lighting - Type 1,Industrial Lighting,W4,Hyderabad DC,20,29,37,3530.56,SUP003,6,2025-12-01,1,0
SKU00142,Industrial Lighting - Type 2,Industrial Lighting,W1,Bengaluru North DC,275,49,63,1455.33,SUP011,11,2025-12-01,0,0
SKU00142,Industrial Lighting - Type 2,Industrial Lighting,W2,Chennai Hub,460,43,55,1455.33,SUP011,16,2025-12-01,0,0
SKU00142,Industrial Lighting - Type 2,Industrial Lighting,W3,Pune Regional,165,50,65,1455.33,SUP011,39,2025-12-01,0,0
SKU00142,Industrial Lighting - Type 2,Industrial Lighting,W4,Hyderabad DC,75,70,91,1455.33,SUP011,22,2025-12-01,0,0
SKU00143,Industrial Lighting - Type 3,Industrial Lighting,W1,Bengaluru North DC,138,56,72,1391.0,SUP011,17,2025-12-01,0,0
SKU00143,Industrial Lighting - Type 3,Industrial Lighting,W2,Chennai Hub,280,30,39,1391.0,SUP011,11,2025-12-01,0,0
SKU00143,Industrial Lighting - Type 3,Industrial Lighting,W3,Pune Regional,454,72,93,1391.0,SUP011,22,2025-12-01,0,0
SKU00143,Industrial Lighting - Type 3,Industrial Lighting,W4,Hyderabad DC,259,47,61,1391.0,SUP011,37,2025-12-01,0,0
SKU00144,Industrial Lighting - Type 4,Industrial Lighting,W1,Bengaluru North DC,374,29,37,896.51,SUP005,24,2025-12-01,0,0
SKU00144,Industrial Lighting - Type 4,Industrial Lighting,W2,Chennai Hub,421,25,32,896.51,SUP005,25,2025-12-01,0,0
SKU00144,Industrial Lighting - Type 4,Industrial Lighting,W3,Pune Regional,316,33,42,896.51,SUP005,17,2025-12-01,0,0
SKU00144,Industrial Lighting - Type 4,Industrial Lighting,W4,Hyderabad DC,123,39,50,896.51,SUP005,9,2025-12-01,0,0
SKU00145,Industrial Lighting - Type 5,Industrial Lighting,W1,Bengaluru North DC,105,22,28,3352.41,SUP013,18,2025-12-01,0,0
SKU00145,Industrial Lighting - Type 5,Industrial Lighting,W2,Chennai Hub,52,72,93,3352.41,SUP013,44,2025-12-01,1,0
SKU00145,Industrial Lighting - Type 5,Industrial Lighting,W3,Pune Regional,91,21,27,3352.41,SUP013,36,2025-12-01,0,0
SKU00146,Industrial Lighting - Type 6,Industrial Lighting,W1,Bengaluru North DC,138,23,29,3280.9,SUP011,40,2025-12-01,0,0
SKU00146,Industrial Lighting - Type 6,Industrial Lighting,W2,Chennai Hub,481,46,59,3280.9,SUP011,39,2025-12-01,0,0
SKU00146,Industrial Lighting - Type 6,Industrial Lighting,W3,Pune Regional,461,77,100,3280.9,SUP011,7,2025-12-01,0,0
SKU00146,Industrial Lighting - Type 6,Industrial Lighting,W4,Hyderabad DC,485,75,97,3280.9,SUP011,5,2025-12-01,0,0
SKU00147,Industrial Lighting - Type 7,Industrial Lighting,W3,Pune Regional,230,48,62,2992.16,SUP010,42,2025-12-01,0,0
SKU00147,Industrial Lighting - Type 7,Industrial Lighting,W4,Hyderabad DC,259,31,40,2992.16,SUP010,39,2025-12-01,0,0
SKU00148,Industrial Lighting - Type 8,Industrial Lighting,W1,Bengaluru North DC,495,55,71,2681.25,SUP003,11,2025-12-01,0,1
SKU00148,Industrial Lighting - Type 8,Industrial Lighting,W2,Chennai Hub,249,92,119,2681.25,SUP003,22,2025-12-01,0,0
SKU00148,Industrial Lighting - Type 8,Industrial Lighting,W3,Pune Regional,355,54,70,2681.25,SUP003,40,2025-12-01,0,0
SKU00148,Industrial Lighting - Type 8,Industrial Lighting,W4,Hyderabad DC,480,20,26,2681.25,SUP003,31,2025-12-01,0,0
SKU00149,Industrial Lighting - Type 9,Industrial Lighting,W1,Bengaluru North DC,394,37,48,2622.29,SUP014,15,2025-12-01,0,0
SKU00149,Industrial Lighting - Type 9,Industrial Lighting,W2,Chennai Hub,139,33,42,2622.29,SUP014,37,2025-12-01,0,0
SKU00149,Industrial Lighting - Type 9,Industrial Lighting,W3,Pune Regional,113,59,76,2622.29,SUP014,47,2025-12-01,0,0
SKU00149,Industrial Lighting - Type 9,Industrial Lighting,W4,Hyderabad DC,55,94,122,2622.29,SUP014,22,2025-12-01,1,0
SKU00150,Industrial Lighting - Type 10,Industrial Lighting,W1,Bengaluru North DC,314,89,115,837.68,SUP015,22,2025-12-01,0,0
SKU00150,Industrial Lighting - Type 10,Industrial Lighting,W2,Chennai Hub,311,23,29,837.68,SUP015,32,2025-12-01,0,0
SKU00150,Industrial Lighting - Type 10,Industrial Lighting,W3,Pune Regional,444,64,83,837.68,SUP015,39,2025-12-01,0,0
SKU00150,Industrial Lighting - Type 10,Industrial Lighting,W4,Hyderabad DC,114,79,102,837.68,SUP015,28,2025-12-01,0,0
SKU00151,Industrial Lighting - Type 11,Industrial Lighting,W1,Bengaluru North DC,54,87,113,2059.97,SUP008,30,2025-12-01,1,1
SKU00151,Industrial Lighting - Type 11,Industrial Lighting,W2,Chennai Hub,335,53,68,2059.97,SUP008,42,2025-12-01,0,0
SKU00151,Industrial Lighting - Type 11,Industrial Lighting,W4,Hyderabad DC,368,67,87,2059.97,SUP008,43,2025-12-01,0,0
SKU00152,Industrial Lighting - Type 12,Industrial Lighting,W2,Chennai Hub,458,67,87,641.25,SUP010,8,2025-12-01,0,0
SKU00152,Industrial Lighting - Type 12,Industrial Lighting,W3,Pune Regional,490,75,97,641.25,SUP010,40,2025-12-01,0,0
SKU00152,Industrial Lighting - Type 12,Industrial Lighting,W4,Hyderabad DC,338,96,124,641.25,SUP010,38,2025-12-01,0,0
SKU00153,Industrial Lighting - Type 13,Industrial Lighting,W2,Chennai Hub,174,51,66,192.91,SUP011,16,2025-12-01,0,0
SKU00153,Industrial Lighting - Type 13,Industrial Lighting,W3,Pune Regional,364,68,88,192.91,SUP011,37,2025-12-01,0,0
SKU00154,Industrial Lighting - Type 14,Industrial Lighting,W1,Bengaluru North DC,435,22,28,3356.71,SUP003,5,2025-12-01,0,0
SKU00154,Industrial Lighting - Type 14,Industrial Lighting,W2,Chennai Hub,380,81,105,3356.71,SUP003,18,2025-12-01,0,0
SKU00154,Industrial Lighting - Type 14,Industrial Lighting,W3,Pune Regional,305,68,88,3356.71,SUP003,5,2025-12-01,0,0
SKU00154,Industrial Lighting - Type 14,Industrial Lighting,W4,Hyderabad DC,125,61,79,3356.71,SUP003,33,2025-12-01,0,0
SKU00155,Industrial Lighting - Type 15,Industrial Lighting,W1,Bengaluru North DC,277,56,72,487.65,SUP002,41,2025-12-01,0,0
SKU00155,Industrial Lighting - Type 15,Industrial Lighting,W2,Chennai Hub,395,67,87,487.65,SUP002,39,2025-12-01,0,0
SKU00155,Industrial Lighting - Type 15,Industrial Lighting,W3,Pune Regional,2,46,59,487.65,SUP002,7,2025-12-01,1,0
SKU00156,Industrial Lighting - Type 16,Industrial Lighting,W3,Pune Regional,272,29,37,3361.32,SUP010,19,2025-12-01,0,0
SKU00156,Industrial Lighting - Type 16,Industrial Lighting,W4,Hyderabad DC,367,76,98,3361.32,SUP010,10,2025-12-01,0,0
