po_id,po_date,supplier_id,supplier_name,warehouse_id,product_id,product_name,quantity_ordered,quantity_received,expected_delivery_date,actual_delivery_date,status,unit_cost
PO900000,2023-01-01,SUP013,Apex Industrial Components,W2,SKU00008,Fastener - Type 8,1081,1081,2023-02-08,2023-02-08,received,43.82
PO900001,2023-01-01,SUP001,Ashoka Steel Works,W1,SKU00129,Bearing - Type 3,722,722,2023-01-23,2023-01-23,received,1034.83
PO900002,2023-01-04,SUP005,SafeGuard PPE Manufacturing,W3,SKU00072,Safety Equipment - Type 10,667,667,2023-02-01,2023-02-01,received,1273.06
PO900003,2023-01-04,SUP012,Coastal Metal Traders,W1,SKU00080,Plumbing Supplie - Type 4,853,853,2023-02-13,2023-02-13,received,507.75
PO900004,2023-01-07,SUP002,Bharat Fastener Co.,W1,SKU00116,Adhesives & Sealant - Type 8,1530,1530,2023-02-13,2023-02-13,received,356.93
PO900005,2023-01-07,SUP003,Precision Bearings Ltd,W3,SKU00137,Bearing - Type 11,1004,1004,2023-02-14,2023-02-14,received,645.58
PO900006,2023-01-10,SUP006,Deccan Plumbing Supplies,W2,SKU00133,Bearing - Type 7,1658,1658,2023-01-26,2023-01-28,received,81.99
PO900007,2023-01-10,SUP014,Vishal Steel Traders,W4,SKU00114,Adhesives & Sealant - Type 6,1498,1498,2023-02-14,2023-02-14,received,233.76
PO900008,2023-01-13,SUP015,Krishna Tools & Dies,W1,SKU00135,Bearing - Type 9,424,424,2023-01-20,2023-01-20,received,1883.55
PO900009,2023-01-16,SUP009,National Pipe & Fittings,W3,SKU00099,Pipes & Fitting - Type 6,368,368,2023-02-10,2023-02-10,received,560.49
PO900010,2023-01-16,SUP001,Ashoka Steel Works,W4,SKU00138,Bearing - Type 12,1446,1446,2023-02-07,2023-02-07,received,989.79
PO900011,2023-01-16,SUP014,Vishal Steel Traders,W3,SKU00120,Adhesives & Sealant - Type 12,1104,1104,2023-02-20,2023-02-20,received,310.21
PO900012,2023-01-19,SUP007,Titan Tools India,W2,SKU00123,Adhesives & Sealant - Type 15,1130,1130,2023-02-02,2023-02-02,received,459.67
PO900013,2023-01-22,SUP013,Apex Industrial Components,W2,SKU00004,Fastener - Type 4,1197,1197,2023-03-01,2023-03-01,received,12.18
PO900014,2023-01-25,SUP003,Precision Bearings Ltd,W4,SKU00139,Bearing - Type 13,1210,1210,2023-03-04,2023-03-04,received,2355.14
PO900015,2023-01-25,SUP011,Everest Hardware,W2,SKU00026,Hand Tool - Type 1,219,219,2023-02-15,2023-02-15,received,523.51
PO900016,2023-01-28,SUP011,Everest Hardware,W2,SKU00029,Hand Tool - Type 4,1294,1294,2023-02-18,2023-02-18,received,1396.1
PO900017,2023-01-28,SUP012,Coastal Metal Traders,W4,SKU00078,Plumbing Supplie - Type 2,898,898,2023-03-09,2023-03-09,received,51.77
PO900018,2023-01-28,SUP003,Precision Bearings Ltd,W3,SKU00139,Bearing - Type 13,1498,1498,2023-03-07,2023-03-07,received,2355.14
PO900019,2023-01-31,SUP011,Everest Hardware,W3,SKU00037,Hand Tool - Type 12,1041,0,2023-02-21,,cancelled,1171.0
PO900020,2023-02-03,SUP006,Deccan Plumbing Supplies,W4,SKU00139,Bearing - Type 13,1751,1751,2023-02-19,2023-02-19,received,2355.14
PO900021,2023-02-03,SUP004,Voltek Electricals,W4,SKU00007,Fastener - Type 7,1259,1259,2023-02-23,2023-02-23,received,57.01
PO900022,2023-02-03,SUP011,Everest Hardware,W2,SKU00026,Hand Tool - Type 1,405,405,2023-02-24,2023-02-24,received,523.51
PO900023,2023-02-06,SUP013,Apex Industrial Components,W2,SKU00005,Fastener - Type 5,608,608,2023-03-16,2023-03-16,received,41.97
PO900024,2023-02-09,SUP013,Apex Industrial Components,W3,SKU00003,Fastener - Type 3,1127,1127,2023-03-19,2023-03-19,received,21.09
PO900025,2023-02-09,SUP011,Everest Hardware,W2,SKU00032,Hand Tool - Type 7,1401,1401,2023-03-02,2023-03-02,received,1423.8
PO900026,2023-02-12,SUP015,Krishna Tools & Dies,W3,SKU00127,Bearing - Type 1,301,256,2023-02-19,2023-02-19,received,407.58
PO900027,2023-02-15,SUP009,National Pipe & Fittings,W4,SKU00097,Pipes & Fitting - Type 4,1737,1737,2023-03-12,2023-03-13,received,616.09
PO900028,2023-02-18,SUP010,LumaTech Lighting,W4,SKU00040,Hand Tool - Type 15,1295,1295,2023-03-19,2023-03-19,received,580.89
PO900029,2023-02-21,SUP004,Voltek Electricals,W4,SKU00009,Fastener - Type 9,913,913,2023-03-13,2023-03-13,received,27.59
PO900030,2023-02-21,SUP007,Titan Tools India,W3,SKU00113,Adhesives & Sealant - Type 5,206,206,2023-03-07,2023-03-07,received,554.18
PO900031,2023-02-24,SUP011,Everest Hardware,W4,SKU00037,Hand Tool - Type 12,1576,1576,2023-03-17,2023-03-20,received,1171.0
PO900032,2023-02-24,SUP007,Titan Tools India,W3,SKU00110,Adhesives & Sealant - Type 2,1552,1552,2023-03-10,2023-03-10,received,225.64
PO900033,2023-02-27,SUP012,Coastal Metal Traders,W2,SKU00080,Plumbing Supplie - Type 4,593,593,2023-04-08,2023-04-08,received,507.75
PO900034,2023-02-27,SUP015,Krishna Tools & Dies,W2,SKU00137,Bearing - Type 11,1976,1976,2023-03-06,2023-03-06,received,645.58
PO900035,2023-02-27,SUP009,National Pipe & Fittings,W2,SKU00102,Pipes & Fitting - Type 9,1304,1304,2023-03-24,2023-03-24,received,706.93
PO900036,2023-03-02,SUP004,Voltek Electricals,W1,SKU00007,Fastener - Type 7,692,692,2023-03-22,2023-03-22,received,57.01
PO900037,2023-03-05,SUP001,Ashoka Steel Works,W1,SKU00130,Bearing - Type 4,1950,1950,2023-03-27,2023-03-27,received,1527.22
PO900038,2023-03-05,SUP009,National Pipe & Fittings,W4,SKU00098,Pipes & Fitting - Type 5,990,990,2023-03-30,2023-03-30,received,958.68
PO900039,2023-03-08,SUP003,Precision Bearings Ltd,W1,SKU00132,Bearing - Type 6,1925,1925,2023-04-15,2023-04-15,received,804.38
PO900040,2023-03-11,SUP008,Sunrise Adhesives,W2,SKU00022,Electrical Component - Type 10,582,582,2023-03-30,2023-03-30,received,396.61
PO900041,2023-03-11,SUP007,Titan Tools India,W3,SKU00123,Adhesives & Sealant - Type 15,891,891,2023-03-25,2023-03-25,received,459.67
PO900042,2023-03-14,SUP011,Everest Hardware,W1,SKU00030,Hand Tool - Type 5,1967,1967,2023-04-04,2023-04-04,received,187.69
PO900043,2023-03-17,SUP004,Voltek Electricals,W1,SKU00008,Fastener - Type 8,978,978,2023-04-06,2023-04-06,received,43.82
PO900044,2023-03-17,SUP003,Precision Bearings Ltd,W3,SKU00138,Bearing - Type 12,1225,1225,2023-04-24,2023-04-24,received,989.79
PO900045,2023-03-20,SUP014,Vishal Steel Traders,W2,SKU00118,Adhesives & Sealant - Type 10,1174,1174,2023-04-24,2023-04-24,received,521.78
PO900046,2023-03-20,SUP009,National Pipe & Fittings,W1,SKU00105,Pipes & Fitting - Type 12,701,701,2023-04-14,2023-04-14,received,1074.46
PO900047,2023-03-23,SUP003,Precision Bearings Ltd,W4,SKU00138,Bearing - Type 12,570,570,2023-04-30,2023-04-30,received,989.79
PO900048,2023-03-23,SUP014,Vishal Steel Traders,W4,SKU00115,Adhesives & Sealant - Type 7,1512,1512,2023-04-27,2023-04-27,received,464.49
PO900049,2023-03-26,SUP010,LumaTech Lighting,W1,SKU00037,Hand Tool - Type 12,972,972,2023-04-24,2023-04-26,received,1171.0
PO900050,2023-03-29,SUP002,Bharat Fastener Co.,W2,SKU00120,Adhesives & Sealant - Type 12,1488,1488,2023-05-05,2023-05-05,received,310.21
PO900051,2023-03-29,SUP006,Deccan Plumbing Supplies,W4,SKU00130,Bearing - Type 4,846,846,2023-04-14,2023-04-14,received,1527.22
PO900052,2023-04-01,SUP002,Bharat Fastener Co.,W4,SKU00119,Adhesives & Sealant - Type 11,1195,1195,2023-05-08,2023-05-12,delayed,324.25
PO900053,2023-04-04,SUP011,Everest Hardware,W1,SKU00035,Hand Tool - Type 10,1654,1654,2023-04-25,2023-04-25,received,986.97
PO900054,2023-04-04,SUP004,Voltek Electricals,W2,SKU00008,Fastener - Type 8,280,280,2023-04-24,2023-05-07,delayed,43.82
PO900055,2023-04-04,SUP007,Titan Tools India,W3,SKU00110,Adhesives & Sealant - Type 2,1843,1843,2023-04-18,2023-04-18,received,225.64
PO900056,2023-04-07,SUP009,National Pipe & Fittings,W4,SKU00096,Pipes & Fitting - Type 3,1708,1708,2023-05-02,2023-05-02,received,1065.77
PO900057,2023-04-07,SUP006,Deccan Plumbing Supplies,W3,SKU00130,Bearing - Type 4,488,0,2023-04-23,,cancelled,1527.22
PO900058,2023-04-07,SUP004,Voltek Electricals,W1,SKU00011,Fastener - Type 11,1557,1557,2023-04-27,2023-05-30,delayed,38.29
PO900059,2023-04-10,SUP013,Apex Industrial Components,W1,SKU00003,Fastener - Type 3,258,258,2023-05-18,2023-06-02,delayed,21.09
PO900060,2023-04-13,SUP005,SafeGuard PPE Manufacturing,W4,SKU00066,Safety Equipment - Type 4,1962,1962,2023-05-11,2023-05-11,received,1506.09
PO900061,2023-04-13,SUP015,Krishna Tools & Dies,W1,SKU00127,Bearing - Type 1,1309,1309,2023-04-20,2023-05-19,delayed,407.58
PO900062,2023-04-16,SUP005,SafeGuard PPE Manufacturing,W4,SKU00070,Safety Equipment - Type 8,1028,1028,2023-05-14,2023-05-14,received,121.19
PO900063,2023-04-16,SUP013,Apex Industrial Components,W4,SKU00007,Fastener - Type 7,644,0,2023-05-24,,cancelled,57.01
PO900064,2023-04-16,SUP006,Deccan Plumbing Supplies,W1,SKU00132,Bearing - Type 6,1503,1503,2023-05-02,2023-05-26,delayed,804.38
PO900065,2023-04-19,SUP007,Titan Tools India,W1,SKU00125,Adhesives & Sealant - Type 17,1300,1300,2023-05-03,2023-05-03,received,76.43
PO900066,2023-04-22,SUP003,Precision Bearings Ltd,W3,SKU00128,Bearing - Type 2,804,804,2023-05-30,2023-06-12,delayed,1917.4
PO900067,2023-04-22,SUP005,SafeGuard PPE Manufacturing,W1,SKU00067,Safety Equipment - Type 5,1253,1253,2023-05-20,2023-05-20,received,1005.65
PO900068,2023-04-22,SUP008,Sunrise Adhesives,W1,SKU00018,Electrical Component - Type 6,1803,1803,2023-05-11,2023-06-05,delayed,516.7
PO900069,2023-04-25,SUP007,Titan Tools India,W3,SKU00112,Adhesives & Sealant - Type 4,820,820,2023-05-09,2023-05-09,received,211.27
PO900070,2023-04-25,SUP009,National Pipe & Fittings,W3,SKU00095,Pipes & Fitting - Type 2,243,243,2023-05-20,2023-05-20,received,1087.9
PO900071,2023-04-28,SUP012,Coastal Metal Traders,W1,SKU00080,Plumbing Supplie - Type 4,1850,1850,2023-06-07,2023-06-07,received,507.75
PO900072,2023-04-28,SUP006,Deccan Plumbing Supplies,W4,SKU00138,Bearing - Type 12,1259,1259,2023-05-14,2023-06-07,delayed,989.79
PO900073,2023-04-28,SUP010,LumaTech Lighting,W4,SKU00026,Hand Tool - Type 1,1313,1313,2023-05-27,2023-05-27,received,523.51
PO900074,2023-05-01,SUP005,SafeGuard PPE Manufacturing,W4,SKU00072,Safety Equipment - Type 10,1896,1896,2023-05-29,2023-05-29,received,1273.06
PO900075,2023-05-01,SUP012,Coastal Metal Traders,W3,SKU00085,Plumbing Supplie - Type 9,378,378,2023-06-10,2023-06-10,received,525.29
PO900076,2023-05-01,SUP005,SafeGuard PPE Manufacturing,W4,SKU00068,Safety Equipment - Type 6,1936,1936,2023-05-29,2023-05-29,received,1088.51
PO900077,2023-05-04,SUP010,LumaTech Lighting,W1,SKU00040,Hand Tool - Type 15,784,784,2023-06-02,2023-06-02,received,580.89
PO900078,2023-05-04,SUP007,Titan Tools India,W2,SKU00122,Adhesives & Sealant - Type 14,739,739,2023-05-18,2023-05-18,received,259.27
PO900079,2023-05-04,SUP003,Precision Bearings Ltd,W2,SKU00132,Bearing - Type 6,1577,1577,2023-06-11,2023-07-12,delayed,804.38
PO900080,2023-05-07,SUP002,Bharat Fastener Co.,W4,SKU00116,Adhesives & Sealant - Type 8,1538,1538,2023-06-13,2023-06-15,received,356.93
PO900081,2023-05-07,SUP004,Voltek Electricals,W1,SKU00001,Fastener - Type 1,1033,1033,2023-05-27,2023-06-30,delayed,6.92
PO900082,2023-05-10,SUP014,Vishal Steel Traders,W2,SKU00118,Adhesives & Sealant - Type 10,1248,1248,2023-06-14,2023-06-14,received,521.78
PO900083,2023-05-10,SUP013,Apex Industrial Components,W2,SKU00011,Fastener - Type 11,1185,954,2023-06-17,2023-07-11,delayed,38.29
PO900084,2023-05-13,SUP005,SafeGuard PPE Manufacturing,W2,SKU00073,Safety Equipment - Type 11,328,328,2023-06-10,2023-06-10,received,1841.77
PO900085,2023-05-16,SUP007,Titan Tools India,W4,SKU00126,Adhesives & Sealant - Type 18,737,737,2023-05-30,2023-05-30,received,352.46
PO900086,2023-05-19,SUP014,Vishal Steel Traders,W2,SKU00115,Adhesives & Sealant - Type 7,1437,1437,2023-06-23,2023-06-23,received,464.49
PO900087,2023-05-19,SUP003,Precision Bearings Ltd,W4,SKU00134,Bearing - Type 8,532,532,2023-06-26,2023-07-26,delayed,499.59
PO900088,2023-05-22,SUP012,Coastal Metal Traders,W4,SKU00082,Plumbing Supplie - Type 6,1856,1856,2023-07-01,2023-07-01,received,907.68
PO900089,2023-05-22,SUP004,Voltek Electricals,W3,SKU00011,Fastener - Type 11,846,846,2023-06-11,2023-06-30,delayed,38.29
PO900090,2023-05-22,SUP011,Everest Hardware,W1,SKU00034,Hand Tool - Type 9,1083,1083,2023-06-12,2023-06-12,received,349.68
PO900091,2023-05-25,SUP008,Sunrise Adhesives,W3,SKU00025,Electrical Component - Type 13,184,184,2023-06-13,2023-06-30,delayed,400.14
PO900092,2023-05-28,SUP001,Ashoka Steel Works,W4,SKU00131,Bearing - Type 5,178,178,2023-06-19,2023-07-03,delayed,1857.62
PO900093,2023-05-28,SUP001,Ashoka Steel Works,W4,SKU00127,Bearing - Type 1,700,700,2023-06-19,2023-07-25,delayed,407.58
PO900094,2023-05-31,SUP008,Sunrise Adhesives,W2,SKU00013,Electrical Component - Type 1,1142,1142,2023-06-19,2023-07-08,delayed,283.87
PO900095,2023-05-31,SUP011,Everest Hardware,W1,SKU00028,Hand Tool - Type 3,1830,1830,2023-06-21,2023-06-23,received,1242.64
PO900096,2023-05-31,SUP004,Voltek Electricals,W4,SKU00006,Fastener - Type 6,1307,0,2023-06-20,,cancelled,11.09
PO900097,2023-06-03,SUP009,National Pipe & Fittings,W4,SKU00107,Pipes & Fitting - Type 14,53,53,2023-06-28,2023-06-28,received,529.43
PO900098,2023-06-03,SUP009,National Pipe & Fittings,W1,SKU00098,Pipes & Fitting - Type 5,525,525,2023-06-28,2023-06-28,received,958.68
PO900099,2023-06-03,SUP008,Sunrise Adhesives,W2,SKU00021,Electrical Component - Type 9,287,287,2023-06-22,2023-07-16,delayed,720.51
PO900100,2023-06-06,SUP006,Deccan Plumbing Supplies,W2,SKU00129,Bearing - Type 3,273,273,2023-06-22,2023-07-05,delayed,1034.83
PO900101,2023-06-09,SUP009,National Pipe & Fittings,W3,SKU00099,Pipes & Fitting - Type 6,1666,1666,2023-07-04,2023-07-04,received,560.49
PO900102,2023-06-09,SUP010,LumaTech Lighting,W1,SKU00042,Hand Tool - Type 17,1500,1500,2023-07-08,2023-07-08,received,790.38
PO900103,2023-06-09,SUP013,Apex Industrial Components,W1,SKU00010,Fastener - Type 10,609,609,2023-07-17,2023-08-10,delayed,21.36
PO900104,2023-06-12,SUP004,Voltek Electricals,W1,SKU00005,Fastener - Type 5,713,713,2023-07-02,2023-08-03,delayed,41.97
PO900105,2023-06-15,SUP008,Sunrise Adhesives,W4,SKU00014,Electrical Component - Type 2,739,739,2023-07-04,2023-08-12,delayed,438.65
PO900106,2023-06-15,SUP009,National Pipe & Fittings,W4,SKU00106,Pipes & Fitting - Type 13,1736,1736,2023-07-10,2023-07-14,delayed,668.3
PO900107,2023-06-18,SUP007,Titan Tools India,W1,SKU00125,Adhesives & Sealant - Type 17,1758,1758,2023-07-02,2023-07-02,received,76.43
PO900108,2023-06-18,SUP004,Voltek Electricals,W3,SKU00002,Fastener - Type 2,1407,0,2023-07-08,,cancelled,22.21
PO900109,2023-06-21,SUP010,LumaTech Lighting,W4,SKU00032,Hand Tool - Type 7,567,567,2023-07-20,2023-07-24,delayed,1423.8
PO900110,2023-06-24,SUP004,Voltek Electricals,W4,SKU00011,Fastener - Type 11,582,582,2023-07-14,2023-08-06,delayed,38.29
PO900111,2023-06-24,SUP013,Apex Industrial Components,W1,SKU00004,Fastener - Type 4,1690,0,2023-08-01,,cancelled,12.18
PO900112,2023-06-24,SUP011,Everest Hardware,W2,SKU00030,Hand Tool - Type 5,1577,1577,2023-07-15,2023-07-15,received,187.69
PO900113,2023-06-27,SUP014,Vishal Steel Traders,W1,SKU00126,Adhesives & Sealant - Type 18,575,575,2023-08-01,2023-08-03,received,352.46
PO900114,2023-06-27,SUP011,Everest Hardware,W4,SKU00041,Hand Tool - Type 16,1140,1140,2023-07-18,2023-07-18,received,1584.93
PO900115,2023-06-30,SUP007,Titan Tools India,W3,SKU00115,Adhesives & Sealant - Type 7,1887,1887,2023-07-14,2023-07-17,received,464.49
PO900116,2023-06-30,SUP010,LumaTech Lighting,W1,SKU00028,Hand Tool - Type 3,1540,1540,2023-07-29,2023-07-29,received,1242.64
PO900117,2023-07-03,SUP007,Titan Tools India,W4,SKU00124,Adhesives & Sealant - Type 16,1324,1324,2023-07-17,2023-07-17,received,407.16
PO900118,2023-07-06,SUP008,Sunrise Adhesives,W4,SKU00024,Electrical Component - Type 12,453,453,2023-07-25,2023-08-06,delayed,439.12
PO900119,2023-07-06,SUP011,Everest Hardware,W2,SKU00030,Hand Tool - Type 5,134,134,2023-07-27,2023-07-27,received,187.69
PO900120,2023-07-06,SUP007,Titan Tools India,W2,SKU00113,Adhesives & Sealant - Type 5,1624,1624,2023-07-20,2023-07-22,received,554.18
PO900121,2023-07-09,SUP007,Titan Tools India,W1,SKU00116,Adhesives & Sealant - Type 8,1836,1836,2023-07-23,2023-07-23,received,356.93
PO900122,2023-07-09,SUP007,Titan Tools India,W3,SKU00111,Adhesives & Sealant - Type 3,1581,1581,2023-07-23,2023-07-23,received,337.6
PO900123,2023-07-09,SUP007,Titan Tools India,W3,SKU00117,Adhesives & Sealant - Type 9,1052,1052,2023-07-23,2023-07-23,received,168.2
PO900124,2023-07-12,SUP002,Bharat Fastener Co.,W1,SKU00121,Adhesives & Sealant - Type 13,323,323,2023-08-18,2023-08-18,received,266.53
PO900125,2023-07-15,SUP006,Deccan Plumbing Supplies,W4,SKU00130,Bearing - Type 4,1210,1210,2023-07-31,2023-09-08,delayed,1527.22
PO900126,2023-07-15,SUP011,Everest Hardware,W1,SKU00030,Hand Tool - Type 5,451,451,2023-08-05,2023-08-05,received,187.69
PO900127,2023-07-18,SUP014,Vishal Steel Traders,W2,SKU00111,Adhesives & Sealant - Type 3,1384,1384,2023-08-22,2023-08-25,received,337.6
PO900128,2023-07-21,SUP013,Apex Industrial Components,W1,SKU00007,Fastener - Type 7,1998,1998,2023-08-28,2023-10-05,delayed,57.01
PO900129,2023-07-21,SUP010,LumaTech Lighting,W4,SKU00030,Hand Tool - Type 5,1010,1010,2023-08-19,2023-08-21,received,187.69
PO900130,2023-07-24,SUP007,Titan Tools India,W4,SKU00115,Adhesives & Sealant - Type 7,1147,1147,2023-08-07,2023-08-07,received,464.49
PO900131,2023-07-24,SUP001,Ashoka Steel Works,W1,SKU00137,Bearing - Type 11,365,365,2023-08-15,2023-09-07,delayed,645.58
PO900132,2023-07-24,SUP003,Precision Bearings Ltd,W2,SKU00137,Bearing - Type 11,975,975,2023-08-31,2023-10-02,delayed,645.58
PO900133,2023-07-27,SUP010,LumaTech Lighting,W4,SKU00042,Hand Tool - Type 17,1445,1445,2023-08-25,2023-08-25,received,790.38
PO900134,2023-07-27,SUP014,Vishal Steel Traders,W3,SKU00110,Adhesives & Sealant - Type 2,1147,1147,2023-08-31,2023-08-31,received,225.64
PO900135,2023-07-27,SUP013,Apex Industrial Components,W2,SKU00009,Fastener - Type 9,95,95,2023-09-03,2023-10-02,delayed,27.59
PO900136,2023-07-30,SUP010,LumaTech Lighting,W2,SKU00041,Hand Tool - Type 16,1438,1438,2023-08-28,2023-08-28,received,1584.93
PO900137,2023-07-30,SUP006,Deccan Plumbing Supplies,W4,SKU00135,Bearing - Type 9,597,597,2023-08-15,2023-09-20,delayed,1883.55
PO900138,2023-07-30,SUP006,Deccan Plumbing Supplies,W3,SKU00131,Bearing - Type 5,293,0,2023-08-15,,cancelled,1857.62
PO900139,2023-08-02,SUP011,Everest Hardware,W4,SKU00033,Hand Tool - Type 8,746,746,2023-08-23,2023-08-23,received,388.5
PO900140,2023-08-02,SUP011,Everest Hardware,W4,SKU00038,Hand Tool - Type 13,1914,1914,2023-08-23,2023-08-23,received,217.48
PO900141,2023-08-02,SUP012,Coastal Metal Traders,W4,SKU00082,Plumbing Supplie - Type 6,197,197,2023-09-11,2023-09-11,received,907.68
PO900142,2023-08-05,SUP009,National Pipe & Fittings,W3,SKU00094,Pipes & Fitting - Type 1,200,200,2023-08-30,2023-08-30,received,482.18
PO900143,2023-08-05,SUP011,Everest Hardware,W2,SKU00040,Hand Tool - Type 15,1861,1861,2023-08-26,2023-08-26,received,580.89
PO900144,2023-08-05,SUP015,Krishna Tools & Dies,W1,SKU00137,Bearing - Type 11,1817,1817,2023-08-12,2023-08-12,received,645.58
PO900145,2023-08-08,SUP001,Ashoka Steel Works,W2,SKU00127,Bearing - Type 1,65,65,2023-08-30,2023-08-30,received,407.58
PO900146,2023-08-11,SUP014,Vishal Steel Traders,W3,SKU00112,Adhesives & Sealant - Type 4,594,594,2023-09-15,2023-09-17,received,211.27
PO900147,2023-08-14,SUP011,Everest Hardware,W2,SKU00040,Hand Tool - Type 15,1303,1303,2023-09-04,2023-09-04,received,580.89
PO900148,2023-08-14,SUP012,Coastal Metal Traders,W3,SKU00077,Plumbing Supplie - Type 1,1891,0,2023-09-23,,cancelled,667.06
PO900149,2023-08-14,SUP006,Deccan Plumbing Supplies,W1,SKU00136,Bearing - Type 10,215,215,2023-08-30,2023-09-03,delayed,432.85
PO900150,2023-08-17,SUP001,Ashoka Steel Works,W2,SKU00137,Bearing - Type 11,549,549,2023-09-08,2023-09-08,received,645.58
PO900151,2023-08-17,SUP002,Bharat Fastener Co.,W3,SKU00112,Adhesives & Sealant - Type 4,919,919,2023-09-23,2023-09-23,received,211.27
PO900152,2023-08-20,SUP011,Everest Hardware,W1,SKU00036,Hand Tool - Type 11,533,533,2023-09-10,2023-09-10,received,200.26
PO900153,2023-08-23,SUP015,Krishna Tools & Dies,W3,SKU00139,Bearing - Type 13,1432,1432,2023-08-30,2023-09-03,delayed,2355.14
PO900154,2023-08-23,SUP015,Krishna Tools & Dies,W1,SKU00138,Bearing - Type 12,546,546,2023-08-30,2023-08-30,received,989.79
PO900155,2023-08-26,SUP013,Apex Industrial Components,W4,SKU00002,Fastener - Type 2,1079,0,2023-10-03,,cancelled,22.21
PO900156,2023-08-29,SUP011,Everest Hardware,W3,SKU00026,Hand Tool - Type 1,1639,1277,2023-09-19,2023-09-19,received,523.51
PO900157,2023-08-29,SUP006,Deccan Plumbing Supplies,W3,SKU00130,Bearing - Type 4,1860,1431,2023-09-14,2023-09-14,received,1527.22
PO900158,2023-08-29,SUP003,Precision Bearings Ltd,W1,SKU00138,Bearing - Type 12,1672,1672,2023-10-06,2023-10-06,received,989.79
PO900159,2023-09-01,SUP013,Apex Industrial Components,W3,SKU00003,Fastener - Type 3,51,51,2023-10-09,2023-10-09,received,21.09
PO900160,2023-09-01,SUP004,Voltek Electricals,W3,SKU00005,Fastener - Type 5,863,863,2023-09-21,2023-09-21,received,41.97
PO900161,2023-09-01,SUP005,SafeGuard PPE Manufacturing,W2,SKU00068,Safety Equipment - Type 6,1041,1041,2023-09-29,2023-09-29,received,1088.51
PO900162,2023-09-04,SUP004,Voltek Electricals,W4,SKU00006,Fastener - Type 6,1914,1914,2023-09-24,2023-09-24,received,11.09
PO900163,2023-09-04,SUP007,Titan Tools India,W4,SKU00123,Adhesives & Sealant - Type 15,1248,1248,2023-09-18,2023-09-18,received,459.67
PO900164,2023-09-04,SUP013,Apex Industrial Components,W4,SKU00007,Fastener - Type 7,687,687,2023-10-12,2023-10-12,received,57.01
PO900165,2023-09-07,SUP004,Voltek Electricals,W1,SKU00004,Fastener - Type 4,1631,1631,2023-09-27,2023-09-27,received,12.18
PO900166,2023-09-07,SUP008,Sunrise Adhesives,W1,SKU00019,Electrical Component - Type 7,1582,1582,2023-09-26,2023-09-26,received,358.44
PO900167,2023-09-07,SUP008,Sunrise Adhesives,W2,SKU00021,Electrical Component - Type 9,1306,1306,2023-09-26,2023-09-26,received,720.51
PO900168,2023-09-10,SUP005,SafeGuard PPE Manufacturing,W1,SKU00066,Safety Equipment - Type 4,491,491,2023-10-08,2023-10-08,received,1506.09
PO900169,2023-09-13,SUP010,LumaTech Lighting,W4,SKU00031,Hand Tool - Type 6,1322,1322,2023-10-12,2023-10-16,delayed,209.82
PO900170,2023-09-16,SUP001,Ashoka Steel Works,W1,SKU00136,Bearing - Type 10,1965,1965,2023-10-08,2023-10-08,received,432.85
PO900171,2023-09-16,SUP008,Sunrise Adhesives,W2,SKU00016,Electrical Component - Type 4,1788,1788,2023-10-05,2023-10-05,received,507.08
PO900172,2023-09-16,SUP004,Voltek Electricals,W4,SKU00012,Fastener - Type 12,1603,1603,2023-10-06,2023-10-06,received,21.59
PO900173,2023-09-19,SUP015,Krishna Tools & Dies,W3,SKU00140,Bearing - Type 14,1180,1180,2023-09-26,2023-09-26,received,1893.14
PO900174,2023-09-22,SUP008,Sunrise Adhesives,W4,SKU00018,Electrical Component - Type 6,1574,1574,2023-10-11,2023-10-11,received,516.7
PO900175,2023-09-25,SUP009,National Pipe & Fittings,W4,SKU00107,Pipes & Fitting - Type 14,1770,1770,2023-10-20,2023-10-20,received,529.43
PO900176,2023-09-25,SUP006,Deccan Plumbing Supplies,W2,SKU00134,Bearing - Type 8,492,492,2023-10-11,2023-10-11,received,499.59
PO900177,2023-09-28,SUP007,Titan Tools India,W3,SKU00125,Adhesives & Sealant - Type 17,963,963,2023-10-12,2023-10-12,received,76.43
PO900178,2023-10-01,SUP002,Bharat Fastener Co.,W4,SKU00111,Adhesives & Sealant - Type 3,870,870,2023-11-07,2023-11-08,received,337.6
PO900179,2023-10-04,SUP007,Titan Tools India,W2,SKU00117,Adhesives & Sealant - Type 9,855,855,2023-10-18,2023-10-18,received,168.2
PO900180,2023-10-04,SUP004,Voltek Electricals,W1,SKU00004,Fastener - Type 4,119,119,2023-10-24,2023-10-24,received,12.18
PO900181,2023-10-04,SUP003,Precision Bearings Ltd,W1,SKU00140,Bearing - Type 14,1312,1312,2023-11-11,2023-11-11,received,1893.14
PO900182,2023-10-07,SUP002,Bharat Fastener Co.,W4,SKU00110,Adhesives & Sealant - Type 2,1002,1002,2023-11-13,2023-11-13,received,225.64
PO900183,2023-10-10,SUP006,Deccan Plumbing Supplies,W1,SKU00134,Bearing - Type 8,206,206,2023-10-26,2023-10-26,received,499.59
PO900184,2023-10-10,SUP004,Voltek Electricals,W4,SKU00012,Fastener - Type 12,644,644,2023-10-30,2023-10-30,received,21.59
PO900185,2023-10-10,SUP012,Coastal Metal Traders,W1,SKU00087,Plumbing Supplie - Type 11,1845,1845,2023-11-19,2023-11-19,received,704.55
PO900186,2023-10-13,SUP002,Bharat Fastener Co.,W1,SKU00114,Adhesives & Sealant - Type 6,870,610,2023-11-19,2023-11-19,received,233.76
PO900187,2023-10-13,SUP004,Voltek Electricals,W3,SKU00005,Fastener - Type 5,1322,1322,2023-11-02,2023-11-02,received,41.97
PO900188,2023-10-13,SUP015,Krishna Tools & Dies,W4,SKU00131,Bearing - Type 5,131,131,2023-10-20,2023-10-20,received,1857.62
PO900189,2023-10-16,SUP002,Bharat Fastener Co.,W2,SKU00118,Adhesives & Sealant - Type 10,818,818,2023-11-22,2023-11-23,received,521.78
PO900190,2023-10-16,SUP008,Sunrise Adhesives,W2,SKU00013,Electrical Component - Type 1,206,206,2023-11-04,2023-11-07,received,283.87
PO900191,2023-10-19,SUP013,Apex Industrial Components,W1,SKU00008,Fastener - Type 8,1924,1924,2023-11-26,2023-11-26,received,43.82
PO900192,2023-10-19,SUP008,Sunrise Adhesives,W2,SKU00024,Electrical Component - Type 12,1547,1547,2023-11-07,2023-11-07,received,439.12
PO900193,2023-10-22,SUP013,Apex Industrial Components,W1,SKU00009,Fastener - Type 9,1686,1686,2023-11-29,2023-11-29,received,27.59
PO900194,2023-10-22,SUP007,Titan Tools India,W2,SKU00114,Adhesives & Sealant - Type 6,666,666,2023-11-05,2023-11-05,received,233.76
PO900195,2023-10-22,SUP006,Deccan Plumbing Supplies,W2,SKU00127,Bearing - Type 1,1734,1734,2023-11-07,2023-11-07,received,407.58
PO900196,2023-10-25,SUP005,SafeGuard PPE Manufacturing,W1,SKU00069,Safety Equipment - Type 7,1892,1892,2023-11-22,2023-11-22,received,995.79
PO900197,2023-10-25,SUP007,Titan Tools India,W2,SKU00116,Adhesives & Sealant - Type 8,770,770,2023-11-08,2023-11-08,received,356.93
PO900198,2023-10-28,SUP009,National Pipe & Fittings,W2,SKU00102,Pipes & Fitting - Type 9,1240,1240,2023-11-22,2023-11-22,received,706.93
PO900199,2023-10-28,SUP012,Coastal Metal Traders,W3,SKU00085,Plumbing Supplie - Type 9,272,272,2023-12-07,2023-12-07,received,525.29
PO900200,2023-10-28,SUP002,Bharat Fastener Co.,W1,SKU00115,Adhesives & Sealant - Type 7,99,99,2023-12-04,2023-12-04,received,464.49
PO900201,2023-10-31,SUP009,National Pipe & Fittings,W4,SKU00099,Pipes & Fitting - Type 6,329,329,2023-11-25,2023-11-25,received,560.49
PO900202,2023-11-03,SUP012,Coastal Metal Traders,W4,SKU00087,Plumbing Supplie - Type 11,466,466,2023-12-13,2023-12-13,received,704.55
PO900203,2023-11-03,SUP014,Vishal Steel Traders,W1,SKU00111,Adhesives & Sealant - Type 3,247,247,2023-12-08,2023-12-08,received,337.6
PO900204,2023-11-06,SUP010,LumaTech Lighting,W1,SKU00042,Hand Tool - Type 17,363,260,2023-12-05,2023-12-05,received,790.38
PO900205,2023-11-06,SUP008,Sunrise Adhesives,W2,SKU00016,Electrical Component - Type 4,1255,1255,2023-11-25,2023-11-25,received,507.08
PO900206,2023-11-09,SUP009,National Pipe & Fittings,W1,SKU00096,Pipes & Fitting - Type 3,456,456,2023-12-04,2023-12-04,received,1065.77
PO900207,2023-11-12,SUP006,Deccan Plumbing Supplies,W3,SKU00130,Bearing - Type 4,1855,1855,2023-11-28,2023-11-28,received,1527.22
PO900208,2023-11-12,SUP002,Bharat Fastener Co.,W2,SKU00110,Adhesives & Sealant - Type 2,1397,1397,2023-12-19,2023-12-19,received,225.64
PO900209,2023-11-12,SUP014,Vishal Steel Traders,W3,SKU00119,Adhesives & Sealant - Type 11,816,816,2023-12-17,2023-12-17,received,324.25
PO900210,2023-11-15,SUP002,Bharat Fastener Co.,W3,SKU00122,Adhesives & Sealant - Type 14,940,940,2023-12-22,2023-12-22,received,259.27
PO900211,2023-11-15,SUP011,Everest Hardware,W1,SKU00028,Hand Tool - Type 3,656,656,2023-12-06,2023-12-06,received,1242.64
PO900212,2023-11-18,SUP005,SafeGuard PPE Manufacturing,W1,SKU00068,Safety Equipment - Type 6,309,309,2023-12-16,2023-12-16,received,1088.51
PO900213,2023-11-18,SUP008,Sunrise Adhesives,W2,SKU00016,Electrical Component - Type 4,1427,1427,2023-12-07,2023-12-07,received,507.08
PO900214,2023-11-21,SUP010,LumaTech Lighting,W4,SKU00034,Hand Tool - Type 9,265,265,2023-12-20,2023-12-22,received,349.68
PO900215,2023-11-21,SUP001,Ashoka Steel Works,W1,SKU00129,Bearing - Type 3,743,743,2023-12-13,2023-12-13,received,1034.83
PO900216,2023-11-24,SUP012,Coastal Metal Traders,W2,SKU00082,Plumbing Supplie - Type 6,1811,1811,2024-01-03,2024-01-03,received,907.68
PO900217,2023-11-24,SUP002,Bharat Fastener Co.,W2,SKU00124,Adhesives & Sealant - Type 16,1785,1785,2023-12-31,2023-12-31,received,407.16
PO900218,2023-11-27,SUP012,Coastal Metal Traders,W4,SKU00092,Plumbing Supplie - Type 16,886,886,2024-01-06,2024-01-06,received,947.15
PO900219,2023-11-27,SUP013,Apex Industrial Components,W4,SKU00012,Fastener - Type 12,684,684,2024-01-04,2024-01-04,received,21.59
PO900220,2023-11-30,SUP005,SafeGuard PPE Manufacturing,W4,SKU00071,Safety Equipment - Type 9,1779,1779,2023-12-28,2023-12-28,received,1621.04
PO900221,2023-12-03,SUP012,Coastal Metal Traders,W1,SKU00079,Plumbing Supplie - Type 3,420,420,2024-01-12,2024-01-12,received,317.73
PO900222,2023-12-03,SUP011,Everest Hardware,W4,SKU00032,Hand Tool - Type 7,360,271,2023-12-24,2023-12-24,received,1423.8
PO900223,2023-12-03,SUP014,Vishal Steel Traders,W2,SKU00112,Adhesives & Sealant - Type 4,78,78,2024-01-07,2024-01-08,received,211.27
PO900224,2023-12-06,SUP004,Voltek Electricals,W4,SKU00001,Fastener - Type 1,1521,1521,2023-12-26,2023-12-26,received,6.92
PO900225,2023-12-06,SUP014,Vishal Steel Traders,W3,SKU00109,Adhesives & Sealant - Type 1,452,404,2024-01-10,2024-01-10,received,420.81
PO900226,2023-12-09,SUP009,National Pipe & Fittings,W4,SKU00096,Pipes & Fitting - Type 3,1831,1831,2024-01-03,2024-01-06,received,1065.77
PO900227,2023-12-09,SUP009,National Pipe & Fittings,W3,SKU00100,Pipes & Fitting - Type 7,177,177,2024-01-03,2024-01-03,received,530.67
PO900228,2023-12-09,SUP004,Voltek Electricals,W4,SKU00011,Fastener - Type 11,1010,1010,2023-12-29,2024-01-01,received,38.29
PO900229,2023-12-12,SUP010,LumaTech Lighting,W4,SKU00041,Hand Tool - Type 16,564,564,2024-01-10,2024-01-13,received,1584.93
PO900230,2023-12-12,SUP002,Bharat Fastener Co.,W3,SKU00109,Adhesives & Sealant - Type 1,243,243,2024-01-18,2024-01-18,received,420.81
PO900231,2023-12-15,SUP011,Everest Hardware,W4,SKU00029,Hand Tool - Type 4,1168,1168,2024-01-05,2024-01-05,received,1396.1
PO900232,2023-12-15,SUP008,Sunrise Adhesives,W3,SKU00022,Electrical Component - Type 10,1962,1962,2024-01-03,2024-01-03,received,396.61
PO900233,2023-12-18,SUP013,Apex Industrial Components,W4,SKU00001,Fastener - Type 1,505,505,2024-01-25,2024-01-25,received,6.92
PO900234,2023-12-21,SUP004,Voltek Electricals,W4,SKU00001,Fastener - Type 1,622,622,2024-01-10,2024-01-10,received,6.92
PO900235,2023-12-21,SUP015,Krishna Tools & Dies,W4,SKU00131,Bearing - Type 5,60,60,2023-12-28,2023-12-28,received,1857.62
PO900236,2023-12-24,SUP013,Apex Industrial Components,W2,SKU00005,Fastener - Type 5,1205,1205,2024-01-31,2024-01-31,received,41.97
PO900237,2023-12-24,SUP006,Deccan Plumbing Supplies,W1,SKU00131,Bearing - Type 5,1900,1900,2024-01-09,2024-01-09,received,1857.62
PO900238,2023-12-27,SUP008,Sunrise Adhesives,W3,SKU00022,Electrical Component - Type 10,1374,1374,2024-01-15,2024-01-19,delayed,396.61
PO900239,2023-12-27,SUP014,Vishal Steel Traders,W2,SKU00125,Adhesives & Sealant - Type 17,175,175,2024-01-31,2024-01-31,received,76.43
PO900240,2023-12-30,SUP014,Vishal Steel Traders,W1,SKU00118,Adhesives & Sealant - Type 10,216,216,2024-02-03,2024-02-07,delayed,521.78
PO900241,2023-12-30,SUP004,Voltek Electricals,W4,SKU00003,Fastener - Type 3,1643,1643,2024-01-19,2024-01-19,received,21.09
PO900242,2024-01-02,SUP002,Bharat Fastener Co.,W1,SKU00123,Adhesives & Sealant - Type 15,1102,1102,2024-02-08,2024-02-08,received,459.67
PO900243,2024-01-02,SUP007,Titan Tools India,W3,SKU00124,Adhesives & Sealant - Type 16,1496,0,2024-01-16,,cancelled,407.16
PO900244,2024-01-05,SUP005,SafeGuard PPE Manufacturing,W1,SKU00075,Safety Equipment - Type 13,1274,1274,2024-02-02,2024-02-02,received,1179.99
PO900245,2024-01-05,SUP011,Everest Hardware,W2,SKU00027,Hand Tool - Type 2,271,271,2024-01-26,2024-01-29,received,933.87
PO900246,2024-01-05,SUP012,Coastal Metal Traders,W2,SKU00091,Plumbing Supplie - Type 15,646,646,2024-02-14,2024-02-14,received,132.68
PO900247,2024-01-08,SUP006,Deccan Plumbing Supplies,W4,SKU00138,Bearing - Type 12,1430,1430,2024-01-24,2024-01-24,received,989.79
PO900248,2024-01-08,SUP012,Coastal Metal Traders,W4,SKU00080,Plumbing Supplie - Type 4,189,189,2024-02-17,2024-02-17,received,507.75
PO900249,2024-01-08,SUP009,National Pipe & Fittings,W2,SKU00098,Pipes & Fitting - Type 5,533,533,2024-02-02,2024-02-02,received,958.68
PO900250,2024-01-11,SUP012,Coastal Metal Traders,W2,SKU00092,Plumbing Supplie - Type 16,1558,1558,2024-02-20,2024-02-20,received,947.15
PO900251,2024-01-11,SUP015,Krishna Tools & Dies,W4,SKU00129,Bearing - Type 3,1795,0,2024-01-18,,cancelled,1034.83
PO900252,2024-01-14,SUP003,Precision Bearings Ltd,W2,SKU00129,Bearing - Type 3,55,55,2024-02-21,2024-02-21,received,1034.83
PO900253,2024-01-14,SUP010,LumaTech Lighting,W4,SKU00034,Hand Tool - Type 9,557,557,2024-02-12,2024-02-12,received,349.68
PO900254,2024-01-17,SUP009,National Pipe & Fittings,W3,SKU00107,Pipes & Fitting - Type 14,697,697,2024-02-11,2024-02-11,received,529.43
PO900255,2024-01-17,SUP012,Coastal Metal Traders,W4,SKU00087,Plumbing Supplie - Type 11,372,372,2024-02-26,2024-02-26,received,704.55
PO900256,2024-01-20,SUP014,Vishal Steel Traders,W1,SKU00121,Adhesives & Sealant - Type 13,925,925,2024-02-24,2024-02-24,received,266.53
PO900257,2024-01-20,SUP002,Bharat Fastener Co.,W2,SKU00117,Adhesives & Sealant - Type 9,101,101,2024-02-26,2024-02-26,received,168.2
PO900258,2024-01-20,SUP009,National Pipe & Fittings,W3,SKU00104,Pipes & Fitting - Type 11,652,652,2024-02-14,2024-02-14,received,90.35
PO900259,2024-01-23,SUP010,LumaTech Lighting,W4,SKU00037,Hand Tool - Type 12,660,490,2024-02-21,2024-02-21,received,1171.0
PO900260,2024-01-26,SUP013,Apex Industrial Components,W1,SKU00002,Fastener - Type 2,1061,1061,2024-03-04,2024-03-04,received,22.21
PO900261,2024-01-26,SUP015,Krishna Tools & Dies,W3,SKU00130,Bearing - Type 4,798,798,2024-02-02,2024-02-02,received,1527.22
PO900262,2024-01-26,SUP005,SafeGuard PPE Manufacturing,W3,SKU00076,Safety Equipment - Type 14,1151,1151,2024-02-23,2024-02-23,received,883.19
PO900263,2024-01-29,SUP008,Sunrise Adhesives,W3,SKU00017,Electrical Component - Type 5,728,728,2024-02-17,2024-02-20,received,819.03
PO900264,2024-01-29,SUP012,Coastal Metal Traders,W2,SKU00082,Plumbing Supplie - Type 6,1865,1865,2024-03-09,2024-03-09,received,907.68
PO900265,2024-02-01,SUP004,Voltek Electricals,W3,SKU00005,Fastener - Type 5,1393,1393,2024-02-21,2024-02-21,received,41.97
PO900266,2024-02-04,SUP005,SafeGuard PPE Manufacturing,W2,SKU00075,Safety Equipment - Type 13,966,966,2024-03-03,2024-03-03,received,1179.99
PO900267,2024-02-04,SUP001,Ashoka Steel Works,W3,SKU00132,Bearing - Type 6,1639,1639,2024-02-26,2024-02-26,received,804.38
PO900268,2024-02-04,SUP013,Apex Industrial Components,W2,SKU00002,Fastener - Type 2,1960,1960,2024-03-13,2024-03-15,received,22.21
PO900269,2024-02-07,SUP015,Krishna Tools & Dies,W2,SKU00129,Bearing - Type 3,1920,1920,2024-02-14,2024-02-14,received,1034.83
PO900270,2024-02-07,SUP008,Sunrise Adhesives,W3,SKU00014,Electrical Component - Type 2,350,350,2024-02-26,2024-02-27,received,438.65
PO900271,2024-02-10,SUP013,Apex Industrial Components,W2,SKU00003,Fastener - Type 3,1779,1779,2024-03-19,2024-03-19,received,21.09
PO900272,2024-02-13,SUP002,Bharat Fastener Co.,W2,SKU00109,Adhesives & Sealant - Type 1,1754,1754,2024-03-21,2024-03-21,received,420.81
PO900273,2024-02-13,SUP015,Krishna Tools & Dies,W4,SKU00132,Bearing - Type 6,1940,1940,2024-02-20,2024-02-20,received,804.38
PO900274,2024-02-13,SUP004,Voltek Electricals,W1,SKU00003,Fastener - Type 3,1071,1071,2024-03-04,2024-03-04,received,21.09
PO900275,2024-02-16,SUP002,Bharat Fastener Co.,W3,SKU00118,Adhesives & Sealant - Type 10,664,664,2024-03-24,2024-03-24,received,521.78
PO900276,2024-02-16,SUP003,Precision Bearings Ltd,W3,SKU00136,Bearing - Type 10,218,218,2024-03-25,2024-03-25,received,432.85
PO900277,2024-02-16,SUP002,Bharat Fastener Co.,W1,SKU00122,Adhesives & Sealant - Type 14,1579,1579,2024-03-24,2024-03-24,received,259.27
PO900278,2024-02-19,SUP012,Coastal Metal Traders,W2,SKU00092,Plumbing Supplie - Type 16,1151,1151,2024-03-30,2024-03-30,received,947.15
PO900279,2024-02-19,SUP013,Apex Industrial Components,W2,SKU00008,Fastener - Type 8,1550,1550,2024-03-28,2024-03-28,received,43.82
PO900280,2024-02-22,SUP001,Ashoka Steel Works,W2,SKU00128,Bearing - Type 2,112,112,2024-03-15,2024-03-16,received,1917.4
PO900281,2024-02-25,SUP015,Krishna Tools & Dies,W2,SKU00130,Bearing - Type 4,1302,1302,2024-03-03,2024-03-03,received,1527.22
PO900282,2024-02-25,SUP003,Precision Bearings Ltd,W1,SKU00131,Bearing - Type 5,120,120,2024-04-03,2024-04-03,received,1857.62
PO900283,2024-02-25,SUP005,SafeGuard PPE Manufacturing,W3,SKU00073,Safety Equipment - Type 11,1532,1532,2024-03-24,2024-03-24,received,1841.77
PO900284,2024-02-28,SUP002,Bharat Fastener Co.,W3,SKU00115,Adhesives & Sealant - Type 7,674,674,2024-04-05,2024-04-05,received,464.49
PO900285,2024-02-28,SUP009,National Pipe & Fittings,W2,SKU00097,Pipes & Fitting - Type 4,1109,1109,2024-03-24,2024-03-24,received,616.09
PO900286,2024-03-02,SUP005,SafeGuard PPE Manufacturing,W3,SKU00073,Safety Equipment - Type 11,1237,1237,2024-03-30,2024-03-30,received,1841.77
PO900287,2024-03-02,SUP006,Deccan Plumbing Supplies,W1,SKU00136,Bearing - Type 10,825,825,2024-03-18,2024-03-18,received,432.85
PO900288,2024-03-02,SUP009,National Pipe & Fittings,W2,SKU00105,Pipes & Fitting - Type 12,466,466,2024-03-27,2024-03-27,received,1074.46
PO900289,2024-03-05,SUP003,Precision Bearings Ltd,W4,SKU00134,Bearing - Type 8,1459,1459,2024-04-12,2024-04-12,received,499.59
PO900290,2024-03-05,SUP003,Precision Bearings Ltd,W1,SKU00129,Bearing - Type 3,1172,1172,2024-04-12,2024-04-12,received,1034.83
PO900291,2024-03-08,SUP003,Precision Bearings Ltd,W3,SKU00127,Bearing - Type 1,178,178,2024-04-15,2024-04-15,received,407.58
PO900292,2024-03-08,SUP003,Precision Bearings Ltd,W1,SKU00128,Bearing - Type 2,1920,1920,2024-04-15,2024-04-15,received,1917.4
PO900293,2024-03-08,SUP010,LumaTech Lighting,W2,SKU00034,Hand Tool - Type 9,1291,1291,2024-04-06,2024-04-06,received,349.68
PO900294,2024-03-11,SUP012,Coastal Metal Traders,W1,SKU00086,Plumbing Supplie - Type 10,1217,1217,2024-04-20,2024-04-20,received,413.93
PO900295,2024-03-11,SUP011,Everest Hardware,W4,SKU00037,Hand Tool - Type 12,1778,1778,2024-04-01,2024-04-01,received,1171.0
PO900296,2024-03-14,SUP006,Deccan Plumbing Supplies,W3,SKU00136,Bearing - Type 10,1190,1190,2024-03-30,2024-03-30,received,432.85
PO900297,2024-03-14,SUP001,Ashoka Steel Works,W1,SKU00135,Bearing - Type 9,341,341,2024-04-05,2024-04-05,received,1883.55
PO900298,2024-03-14,SUP007,Titan Tools India,W2,SKU00120,Adhesives & Sealant - Type 12,364,364,2024-03-28,2024-03-28,received,310.21
PO900299,2024-03-17,SUP015,Krishna Tools & Dies,W3,SKU00134,Bearing - Type 8,1079,1079,2024-03-24,2024-03-24,received,499.59
PO900300,2024-03-20,SUP007,Titan Tools India,W1,SKU00113,Adhesives & Sealant - Type 5,1856,1423,2024-04-03,2024-04-03,received,554.18
PO900301,2024-03-20,SUP015,Krishna Tools & Dies,W1,SKU00136,Bearing - Type 10,1994,1994,2024-03-27,2024-03-27,received,432.85
PO900302,2024-03-23,SUP005,SafeGuard PPE Manufacturing,W1,SKU00072,Safety Equipment - Type 10,217,217,2024-04-20,2024-04-20,received,1273.06
PO900303,2024-03-23,SUP008,Sunrise Adhesives,W3,SKU00024,Electrical Component - Type 12,1366,1366,2024-04-11,2024-04-11,received,439.12
PO900304,2024-03-26,SUP010,LumaTech Lighting,W3,SKU00032,Hand Tool - Type 7,1320,1320,2024-04-24,2024-04-24,received,1423.8
PO900305,2024-03-26,SUP011,Everest Hardware,W2,SKU00031,Hand Tool - Type 6,1101,1101,2024-04-16,2024-04-16,received,209.82
PO900306,2024-03-26,SUP008,Sunrise Adhesives,W2,SKU00019,Electrical Component - Type 7,1907,1907,2024-04-14,2024-04-14,received,358.44
PO900307,2024-03-29,SUP014,Vishal Steel Traders,W3,SKU00122,Adhesives & Sealant - Type 14,455,455,2024-05-03,2024-05-03,received,259.27
PO900308,2024-03-29,SUP012,Coastal Metal Traders,W2,SKU00079,Plumbing Supplie - Type 3,1555,1555,2024-05-08,2024-05-08,received,317.73
PO900309,2024-04-01,SUP002,Bharat Fastener Co.,W4,SKU00112,Adhesives & Sealant - Type 4,576,576,2024-05-08,2024-05-08,received,211.27
PO900310,2024-04-04,SUP015,Krishna Tools & Dies,W4,SKU00134,Bearing - Type 8,1822,1822,2024-04-11,2024-04-11,received,499.59
PO900311,2024-04-04,SUP005,SafeGuard PPE Manufacturing,W2,SKU00076,Safety Equipment - Type 14,1051,1051,2024-05-02,2024-05-06,delayed,883.19
PO900312,2024-04-04,SUP005,SafeGuard PPE Manufacturing,W1,SKU00065,Safety Equipment - Type 3,809,809,2024-05-02,2024-05-02,received,1314.52
PO900313,2024-04-07,SUP013,Apex Industrial Components,W4,SKU00010,Fastener - Type 10,1261,1261,2024-05-15,2024-05-15,received,21.36
PO900314,2024-04-10,SUP014,Vishal Steel Traders,W2,SKU00119,Adhesives & Sealant - Type 11,1377,1377,2024-05-15,2024-05-15,received,324.25
PO900315,2024-04-10,SUP003,Precision Bearings Ltd,W4,SKU00138,Bearing - Type 12,1902,1902,2024-05-18,2024-05-18,received,989.79
PO900316,2024-04-10,SUP002,Bharat Fastener Co.,W3,SKU00111,Adhesives & Sealant - Type 3,1782,1782,2024-05-17,2024-05-17,received,337.6
PO900317,2024-04-13,SUP008,Sunrise Adhesives,W4,SKU00014,Electrical Component - Type 2,1554,1554,2024-05-02,2024-05-05,received,438.65
PO900318,2024-04-13,SUP011,Everest Hardware,W1,SKU00034,Hand Tool - Type 9,348,348,2024-05-04,2024-05-04,received,349.68
PO900319,2024-04-13,SUP011,Everest Hardware,W1,SKU00031,Hand Tool - Type 6,338,338,2024-05-04,2024-05-04,received,209.82
PO900320,2024-04-16,SUP011,Everest Hardware,W3,SKU00037,Hand Tool - Type 12,481,481,2024-05-07,2024-05-07,received,1171.0
PO900321,2024-04-16,SUP014,Vishal Steel Traders,W2,SKU00122,Adhesives & Sealant - Type 14,1409,1409,2024-05-21,2024-05-21,received,259.27
PO900322,2024-04-19,SUP011,Everest Hardware,W4,SKU00036,Hand Tool - Type 11,709,552,2024-05-10,2024-05-10,received,200.26
PO900323,2024-04-19,SUP005,SafeGuard PPE Manufacturing,W2,SKU00070,Safety Equipment - Type 8,276,276,2024-05-17,2024-05-19,received,121.19
PO900324,2024-04-19,SUP014,Vishal Steel Traders,W4,SKU00116,Adhesives & Sealant - Type 8,1739,1739,2024-05-24,2024-05-24,received,356.93
PO900325,2024-04-22,SUP013,Apex Industrial Components,W3,SKU00001,Fastener - Type 1,1290,1290,2024-05-30,2024-05-30,received,6.92
PO900326,2024-04-22,SUP008,Sunrise Adhesives,W3,SKU00016,Electrical Component - Type 4,1337,1337,2024-05-11,2024-05-11,received,507.08
PO900327,2024-04-25,SUP001,Ashoka Steel Works,W4,SKU00138,Bearing - Type 12,735,735,2024-05-17,2024-05-17,received,989.79
PO900328,2024-04-25,SUP003,Precision Bearings Ltd,W1,SKU00131,Bearing - Type 5,1925,1925,2024-06-02,2024-06-02,received,1857.62
PO900329,2024-04-25,SUP014,Vishal Steel Traders,W1,SKU00122,Adhesives & Sealant - Type 14,1490,1490,2024-05-30,2024-05-30,received,259.27
PO900330,2024-04-28,SUP007,Titan Tools India,W2,SKU00120,Adhesives & Sealant - Type 12,1546,1546,2024-05-12,2024-05-12,received,310.21
PO900331,2024-05-01,SUP001,Ashoka Steel Works,W2,SKU00136,Bearing - Type 10,1665,1665,2024-05-23,2024-05-23,received,432.85
PO900332,2024-05-01,SUP011,Everest Hardware,W2,SKU00035,Hand Tool - Type 10,1213,1213,2024-05-22,2024-05-22,received,986.97
PO900333,2024-05-04,SUP014,Vishal Steel Traders,W1,SKU00118,Adhesives & Sealant - Type 10,1299,997,2024-06-08,2024-06-08,received,521.78
PO900334,2024-05-04,SUP015,Krishna Tools & Dies,W1,SKU00139,Bearing - Type 13,1827,1827,2024-05-11,2024-05-11,received,2355.14
PO900335,2024-05-07,SUP007,Titan Tools India,W2,SKU00122,Adhesives & Sealant - Type 14,460,460,2024-05-21,2024-05-25,delayed,259.27
PO900336,2024-05-07,SUP014,Vishal Steel Traders,W2,SKU00114,Adhesives & Sealant - Type 6,1552,1552,2024-06-11,2024-06-11,received,233.76
PO900337,2024-05-07,SUP001,Ashoka Steel Works,W4,SKU00129,Bearing - Type 3,701,701,2024-05-29,2024-06-01,received,1034.83
PO900338,2024-05-10,SUP009,National Pipe & Fittings,W1,SKU00099,Pipes & Fitting - Type 6,736,736,2024-06-04,2024-06-04,received,560.49
PO900339,2024-05-10,SUP011,Everest Hardware,W1,SKU00035,Hand Tool - Type 10,735,735,2024-05-31,2024-05-31,received,986.97
PO900340,2024-05-10,SUP015,Krishna Tools & Dies,W3,SKU00131,Bearing - Type 5,928,928,2024-05-17,2024-05-17,received,1857.62
PO900341,2024-05-13,SUP001,Ashoka Steel Works,W2,SKU00135,Bearing - Type 9,1714,1714,2024-06-04,2024-06-04,received,1883.55
PO900342,2024-05-13,SUP005,SafeGuard PPE Manufacturing,W1,SKU00067,Safety Equipment - Type 5,1944,1944,2024-06-10,2024-06-13,received,1005.65
PO900343,2024-05-13,SUP004,Voltek Electricals,W4,SKU00001,Fastener - Type 1,1679,1679,2024-06-02,2024-06-02,received,6.92
PO900344,2024-05-16,SUP014,Vishal Steel Traders,W4,SKU00120,Adhesives & Sealant - Type 12,1610,1610,2024-06-20,2024-06-23,received,310.21
PO900345,2024-05-16,SUP014,Vishal Steel Traders,W3,SKU00123,Adhesives & Sealant - Type 15,627,627,2024-06-20,2024-06-20,received,459.67
PO900346,2024-05-16,SUP010,LumaTech Lighting,W1,SKU00027,Hand Tool - Type 2,919,919,2024-06-14,2024-06-14,received,933.87
PO900347,2024-05-19,SUP002,Bharat Fastener Co.,W3,SKU00110,Adhesives & Sealant - Type 2,1443,0,2024-06-25,,cancelled,225.64
PO900348,2024-05-22,SUP014,Vishal Steel Traders,W1,SKU00122,Adhesives & Sealant - Type 14,1557,1557,2024-06-26,2024-06-26,received,259.27
PO900349,2024-05-22,SUP011,Everest Hardware,W4,SKU00032,Hand Tool - Type 7,1304,1304,2024-06-12,2024-06-12,received,1423.8
PO900350,2024-05-25,SUP001,Ashoka Steel Works,W3,SKU00133,Bearing - Type 7,1724,1724,2024-06-16,2024-06-19,received,81.99
PO900351,2024-05-25,SUP001,Ashoka Steel Works,W2,SKU00138,Bearing - Type 12,474,474,2024-06-16,2024-06-16,received,989.79
PO900352,2024-05-28,SUP002,Bharat Fastener Co.,W1,SKU00125,Adhesives & Sealant - Type 17,1666,1666,2024-07-04,2024-07-04,received,76.43
PO900353,2024-05-28,SUP013,Apex Industrial Components,W1,SKU00008,Fastener - Type 8,200,200,2024-07-05,2024-07-05,received,43.82
PO900354,2024-05-31,SUP004,Voltek Electricals,W1,SKU00010,Fastener - Type 10,1418,1418,2024-06-20,2024-06-20,received,21.36
PO900355,2024-05-31,SUP005,SafeGuard PPE Manufacturing,W2,SKU00064,Safety Equipment - Type 2,1187,1187,2024-06-28,2024-06-28,received,225.36
PO900356,2024-06-03,SUP014,Vishal Steel Traders,W4,SKU00126,Adhesives & Sealant - Type 18,1785,1785,2024-07-08,2024-07-08,received,352.46
PO900357,2024-06-03,SUP008,Sunrise Adhesives,W1,SKU00022,Electrical Component - Type 10,1416,1416,2024-06-22,2024-06-23,received,396.61
PO900358,2024-06-03,SUP009,National Pipe & Fittings,W1,SKU00095,Pipes & Fitting - Type 2,761,761,2024-06-28,2024-06-28,received,1087.9
PO900359,2024-06-06,SUP002,Bharat Fastener Co.,W1,SKU00119,Adhesives & Sealant - Type 11,954,954,2024-07-13,2024-07-13,received,324.25
PO900360,2024-06-06,SUP015,Krishna Tools & Dies,W1,SKU00134,Bearing - Type 8,1193,1193,2024-06-13,2024-06-13,received,499.59
PO900361,2024-06-09,SUP007,Titan Tools India,W2,SKU00116,Adhesives & Sealant - Type 8,899,899,2024-06-23,2024-06-24,received,356.93
PO900362,2024-06-09,SUP001,Ashoka Steel Works,W1,SKU00139,Bearing - Type 13,1823,1823,2024-07-01,2024-07-01,received,2355.14
PO900363,2024-06-12,SUP004,Voltek Electricals,W4,SKU00012,Fastener - Type 12,258,258,2024-07-02,2024-07-02,received,21.59
PO900364,2024-06-15,SUP003,Precision Bearings Ltd,W3,SKU00130,Bearing - Type 4,799,799,2024-07-23,2024-07-23,received,1527.22
PO900365,2024-06-15,SUP002,Bharat Fastener Co.,W1,SKU00126,Adhesives & Sealant - Type 18,1385,1385,2024-07-22,2024-07-22,received,352.46
PO900366,2024-06-15,SUP009,National Pipe & Fittings,W2,SKU00107,Pipes & Fitting - Type 14,1951,1367,2024-07-10,2024-07-10,received,529.43
PO900367,2024-06-18,SUP013,Apex Industrial Components,W4,SKU00009,Fastener - Type 9,1569,1569,2024-07-26,2024-07-26,received,27.59
PO900368,2024-06-18,SUP014,Vishal Steel Traders,W4,SKU00109,Adhesives & Sealant - Type 1,451,451,2024-07-23,2024-07-23,received,420.81
PO900369,2024-06-21,SUP004,Voltek Electricals,W3,SKU00012,Fastener - Type 12,347,347,2024-07-11,2024-07-11,received,21.59
PO900370,2024-06-24,SUP007,Titan Tools India,W2,SKU00113,Adhesives & Sealant - Type 5,215,215,2024-07-08,2024-07-08,received,554.18
PO900371,2024-06-24,SUP013,Apex Industrial Components,W2,SKU00002,Fastener - Type 2,298,0,2024-08-01,,cancelled,22.21
PO900372,2024-06-27,SUP007,Titan Tools India,W2,SKU00116,Adhesives & Sealant - Type 8,1310,1310,2024-07-11,2024-07-12,received,356.93
PO900373,2024-06-30,SUP013,Apex Industrial Components,W4,SKU00003,Fastener - Type 3,1260,1260,2024-08-07,2024-08-07,received,21.09
PO900374,2024-07-03,SUP008,Sunrise Adhesives,W3,SKU00018,Electrical Component - Type 6,867,867,2024-07-22,2024-07-22,received,516.7
PO900375,2024-07-03,SUP014,Vishal Steel Traders,W2,SKU00125,Adhesives & Sealant - Type 17,261,184,2024-08-07,2024-08-07,received,76.43
PO900376,2024-07-06,SUP007,Titan Tools India,W1,SKU00118,Adhesives & Sealant - Type 10,173,173,2024-07-20,2024-07-20,received,521.78
PO900377,2024-07-09,SUP006,Deccan Plumbing Supplies,W2,SKU00130,Bearing - Type 4,989,989,2024-07-25,2024-07-25,received,1527.22
PO900378,2024-07-09,SUP002,Bharat Fastener Co.,W2,SKU00113,Adhesives & Sealant - Type 5,287,287,2024-08-15,2024-08-15,received,554.18
PO900379,2024-07-12,SUP005,SafeGuard PPE Manufacturing,W3,SKU00075,Safety Equipment - Type 13,1886,1886,2024-08-09,2024-08-09,received,1179.99
PO900380,2024-07-15,SUP015,Krishna Tools & Dies,W2,SKU00140,Bearing - Type 14,136,136,2024-07-22,2024-07-24,received,1893.14
PO900381,2024-07-15,SUP015,Krishna Tools & Dies,W4,SKU00131,Bearing - Type 5,1933,1933,2024-07-22,2024-07-25,received,1857.62
PO900382,2024-07-18,SUP006,Deccan Plumbing Supplies,W2,SKU00134,Bearing - Type 8,1405,1173,2024-08-03,2024-08-05,received,499.59
PO900383,2024-07-21,SUP009,National Pipe & Fittings,W2,SKU00104,Pipes & Fitting - Type 11,814,814,2024-08-15,2024-08-17,received,90.35
PO900384,2024-07-24,SUP014,Vishal Steel Traders,W1,SKU00117,Adhesives & Sealant - Type 9,849,849,2024-08-28,2024-08-28,received,168.2
PO900385,2024-07-24,SUP002,Bharat Fastener Co.,W4,SKU00122,Adhesives & Sealant - Type 14,1677,1677,2024-08-30,2024-08-30,received,259.27
PO900386,2024-07-24,SUP004,Voltek Electricals,W1,SKU00003,Fastener - Type 3,1424,1424,2024-08-13,2024-08-13,received,21.09
PO900387,2024-07-27,SUP001,Ashoka Steel Works,W1,SKU00128,Bearing - Type 2,1803,1803,2024-08-18,2024-08-22,delayed,1917.4
PO900388,2024-07-27,SUP010,LumaTech Lighting,W4,SKU00026,Hand Tool - Type 1,1372,1372,2024-08-25,2024-08-25,received,523.51
PO900389,2024-07-30,SUP013,Apex Industrial Components,W4,SKU00004,Fastener - Type 4,1509,1509,2024-09-06,2024-09-06,received,12.18
PO900390,2024-07-30,SUP007,Titan Tools India,W1,SKU00124,Adhesives & Sealant - Type 16,1203,1203,2024-08-13,2024-08-13,received,407.16
PO900391,2024-07-30,SUP002,Bharat Fastener Co.,W4,SKU00118,Adhesives & Sealant - Type 10,986,986,2024-09-05,2024-09-05,received,521.78
PO900392,2024-08-02,SUP006,Deccan Plumbing Supplies,W3,SKU00136,Bearing - Type 10,1160,1160,2024-08-18,2024-08-18,received,432.85
PO900393,2024-08-02,SUP011,Everest Hardware,W4,SKU00035,Hand Tool - Type 10,383,383,2024-08-23,2024-08-23,received,986.97
PO900394,2024-08-02,SUP009,National Pipe & Fittings,W4,SKU00096,Pipes & Fitting - Type 3,650,650,2024-08-27,2024-08-27,received,1065.77
PO900395,2024-08-05,SUP003,Precision Bearings Ltd,W3,SKU00129,Bearing - Type 3,1818,1818,2024-09-12,2024-09-12,received,1034.83
PO900396,2024-08-05,SUP003,Precision Bearings Ltd,W3,SKU00137,Bearing - Type 11,541,541,2024-09-12,2024-09-12,received,645.58
PO900397,2024-08-05,SUP010,LumaTech Lighting,W4,SKU00030,Hand Tool - Type 5,399,0,2024-09-03,,cancelled,187.69
PO900398,2024-08-08,SUP002,Bharat Fastener Co.,W2,SKU00110,Adhesives & Sealant - Type 2,1746,1746,2024-09-14,2024-09-18,delayed,225.64
PO900399,2024-08-08,SUP008,Sunrise Adhesives,W4,SKU00023,Electrical Component - Type 11,789,789,2024-08-27,2024-08-27,received,335.82
PO900400,2024-08-08,SUP002,Bharat Fastener Co.,W1,SKU00121,Adhesives & Sealant - Type 13,1459,1459,2024-09-14,2024-09-14,received,266.53
PO900401,2024-08-11,SUP010,LumaTech Lighting,W2,SKU00042,Hand Tool - Type 17,1565,1565,2024-09-09,2024-09-09,received,790.38
PO900402,2024-08-11,SUP002,Bharat Fastener Co.,W1,SKU00113,Adhesives & Sealant - Type 5,1625,1625,2024-09-17,2024-09-17,received,554.18
PO900403,2024-08-11,SUP013,Apex Industrial Components,W1,SKU00006,Fastener - Type 6,472,472,2024-09-18,2024-09-18,received,11.09
PO900404,2024-08-14,SUP009,National Pipe & Fittings,W1,SKU00103,Pipes & Fitting - Type 10,101,101,2024-09-08,2024-09-09,received,70.36
PO900405,2024-08-17,SUP002,Bharat Fastener Co.,W2,SKU00116,Adhesives & Sealant - Type 8,388,388,2024-09-23,2024-09-25,received,356.93
PO900406,2024-08-20,SUP009,National Pipe & Fittings,W1,SKU00103,Pipes & Fitting - Type 10,713,713,2024-09-14,2024-09-16,received,70.36
PO900407,2024-08-20,SUP004,Voltek Electricals,W1,SKU00005,Fastener - Type 5,624,624,2024-09-09,2024-09-10,received,41.97
PO900408,2024-08-23,SUP005,SafeGuard PPE Manufacturing,W3,SKU00072,Safety Equipment - Type 10,1395,1395,2024-09-20,2024-09-20,received,1273.06
PO900409,2024-08-23,SUP007,Titan Tools India,W4,SKU00116,Adhesives & Sealant - Type 8,698,698,2024-09-06,2024-09-09,received,356.93
PO900410,2024-08-23,SUP011,Everest Hardware,W2,SKU00037,Hand Tool - Type 12,1157,1157,2024-09-13,2024-09-13,received,1171.0
PO900411,2024-08-26,SUP002,Bharat Fastener Co.,W1,SKU00114,Adhesives & Sealant - Type 6,729,729,2024-10-02,2024-10-02,received,233.76
PO900412,2024-08-29,SUP002,Bharat Fastener Co.,W3,SKU00112,Adhesives & Sealant - Type 4,726,726,2024-10-05,2024-10-05,received,211.27
PO900413,2024-08-29,SUP014,Vishal Steel Traders,W2,SKU00121,Adhesives & Sealant - Type 13,1948,1948,2024-10-03,2024-10-03,received,266.53
PO900414,2024-08-29,SUP001,Ashoka Steel Works,W4,SKU00140,Bearing - Type 14,1216,1216,2024-09-20,2024-09-20,received,1893.14
PO900415,2024-09-01,SUP013,Apex Industrial Components,W3,SKU00008,Fastener - Type 8,783,783,2024-10-09,2024-10-09,received,43.82
PO900416,2024-09-04,SUP002,Bharat Fastener Co.,W3,SKU00122,Adhesives & Sealant - Type 14,1330,1330,2024-10-11,2024-10-14,received,259.27
PO900417,2024-09-04,SUP009,National Pipe & Fittings,W1,SKU00100,Pipes & Fitting - Type 7,1773,1773,2024-09-29,2024-09-29,received,530.67
PO900418,2024-09-07,SUP014,Vishal Steel Traders,W4,SKU00124,Adhesives & Sealant - Type 16,391,391,2024-10-12,2024-10-15,received,407.16
PO900419,2024-09-10,SUP001,Ashoka Steel Works,W3,SKU00136,Bearing - Type 10,1376,1376,2024-10-02,2024-10-02,received,432.85
PO900420,2024-09-10,SUP007,Titan Tools India,W4,SKU00124,Adhesives & Sealant - Type 16,1978,1978,2024-09-24,2024-09-24,received,407.16
PO900421,2024-09-10,SUP005,SafeGuard PPE Manufacturing,W2,SKU00064,Safety Equipment - Type 2,1464,1464,2024-10-08,2024-10-08,received,225.36
PO900422,2024-09-13,SUP014,Vishal Steel Traders,W2,SKU00110,Adhesives & Sealant - Type 2,1955,1955,2024-10-18,2024-10-18,received,225.64
PO900423,2024-09-13,SUP012,Coastal Metal Traders,W1,SKU00078,Plumbing Supplie - Type 2,648,648,2024-10-23,2024-10-26,received,51.77
PO900424,2024-09-13,SUP004,Voltek Electricals,W1,SKU00003,Fastener - Type 3,105,105,2024-10-03,2024-10-03,received,21.09
PO900425,2024-09-16,SUP015,Krishna Tools & Dies,W4,SKU00130,Bearing - Type 4,466,466,2024-09-23,2024-09-26,received,1527.22
PO900426,2024-09-16,SUP003,Precision Bearings Ltd,W2,SKU00137,Bearing - Type 11,1630,1630,2024-10-24,2024-10-24,received,645.58
PO900427,2024-09-16,SUP014,Vishal Steel Traders,W4,SKU00125,Adhesives & Sealant - Type 17,1101,1101,2024-10-21,2024-10-21,received,76.43
PO900428,2024-09-19,SUP005,SafeGuard PPE Manufacturing,W4,SKU00069,Safety Equipment - Type 7,637,637,2024-10-17,2024-10-17,received,995.79
PO900429,2024-09-19,SUP005,SafeGuard PPE Manufacturing,W1,SKU00069,Safety Equipment - Type 7,1456,1456,2024-10-17,2024-10-17,received,995.79
PO900430,2024-09-22,SUP001,Ashoka Steel Works,W3,SKU00134,Bearing - Type 8,1877,1877,2024-10-14,2024-10-14,received,499.59
PO900431,2024-09-22,SUP013,Apex Industrial Components,W4,SKU00005,Fastener - Type 5,1593,1593,2024-10-30,2024-10-30,received,41.97
PO900432,2024-09-22,SUP008,Sunrise Adhesives,W2,SKU00023,Electrical Component - Type 11,1123,1123,2024-10-11,2024-10-11,received,335.82
PO900433,2024-09-25,SUP011,Everest Hardware,W3,SKU00033,Hand Tool - Type 8,447,447,2024-10-16,2024-10-16,received,388.5
PO900434,2024-09-25,SUP015,Krishna Tools & Dies,W4,SKU00135,Bearing - Type 9,1306,1306,2024-10-02,2024-10-02,received,1883.55
PO900435,2024-09-25,SUP007,Titan Tools India,W4,SKU00114,Adhesives & Sealant - Type 6,1985,1985,2024-10-09,2024-10-09,received,233.76
PO900436,2024-09-28,SUP001,Ashoka Steel Works,W2,SKU00136,Bearing - Type 10,1385,1385,2024-10-20,2024-10-21,received,432.85
PO900437,2024-09-28,SUP001,Ashoka Steel Works,W3,SKU00134,Bearing - Type 8,952,952,2024-10-20,2024-10-20,received,499.59
PO900438,2024-09-28,SUP013,Apex Industrial Components,W2,SKU00012,Fastener - Type 12,797,797,2024-11-05,2024-11-05,received,21.59
PO900439,2024-10-01,SUP001,Ashoka Steel Works,W2,SKU00140,Bearing - Type 14,573,573,2024-10-23,2024-10-23,received,1893.14
PO900440,2024-10-04,SUP014,Vishal Steel Traders,W1,SKU00109,Adhesives & Sealant - Type 1,1349,1349,2024-11-08,2024-11-08,received,420.81
PO900441,2024-10-04,SUP001,Ashoka Steel Works,W3,SKU00135,Bearing - Type 9,484,484,2024-10-26,2024-10-26,received,1883.55
PO900442,2024-10-07,SUP012,Coastal Metal Traders,W4,SKU00086,Plumbing Supplie - Type 10,366,366,2024-11-16,2024-11-16,received,413.93
PO900443,2024-10-10,SUP011,Everest Hardware,W2,SKU00042,Hand Tool - Type 17,1374,1374,2024-10-31,2024-11-02,received,790.38
PO900444,2024-10-10,SUP015,Krishna Tools & Dies,W3,SKU00134,Bearing - Type 8,708,708,2024-10-17,2024-10-17,received,499.59
PO900445,2024-10-13,SUP005,SafeGuard PPE Manufacturing,W3,SKU00064,Safety Equipment - Type 2,79,79,2024-11-10,2024-11-10,received,225.36
PO900446,2024-10-16,SUP007,Titan Tools India,W3,SKU00115,Adhesives & Sealant - Type 7,1725,1725,2024-10-30,2024-10-30,received,464.49
PO900447,2024-10-16,SUP007,Titan Tools India,W3,SKU00110,Adhesives & Sealant - Type 2,439,439,2024-10-30,2024-10-30,received,225.64
PO900448,2024-10-16,SUP008,Sunrise Adhesives,W3,SKU00016,Electrical Component - Type 4,858,858,2024-11-04,2024-11-04,received,507.08
PO900449,2024-10-19,SUP005,SafeGuard PPE Manufacturing,W4,SKU00063,Safety Equipment - Type 1,750,750,2024-11-16,2024-11-16,received,1450.22
PO900450,2024-10-19,SUP002,Bharat Fastener Co.,W3,SKU00117,Adhesives & Sealant - Type 9,815,815,2024-11-25,2024-11-25,received,168.2
PO900451,2024-10-22,SUP003,Precision Bearings Ltd,W4,SKU00134,Bearing - Type 8,242,242,2024-11-29,2024-11-29,received,499.59
PO900452,2024-10-22,SUP011,Everest Hardware,W4,SKU00038,Hand Tool - Type 13,1133,1133,2024-11-12,2024-11-12,received,217.48
PO900453,2024-10-25,SUP007,Titan Tools India,W1,SKU00110,Adhesives & Sealant - Type 2,1904,1904,2024-11-08,2024-11-08,received,225.64
PO900454,2024-10-25,SUP006,Deccan Plumbing Supplies,W4,SKU00129,Bearing - Type 3,1759,1759,2024-11-10,2024-11-10,received,1034.83
PO900455,2024-10-25,SUP002,Bharat Fastener Co.,W3,SKU00114,Adhesives & Sealant - Type 6,717,717,2024-12-01,2024-12-01,received,233.76
PO900456,2024-10-28,SUP005,SafeGuard PPE Manufacturing,W1,SKU00069,Safety Equipment - Type 7,651,651,2024-11-25,2024-11-25,received,995.79
PO900457,2024-10-31,SUP012,Coastal Metal Traders,W1,SKU00088,Plumbing Supplie - Type 12,1841,1841,2024-12-10,2024-12-10,received,420.32
PO900458,2024-10-31,SUP007,Titan Tools India,W2,SKU00116,Adhesives & Sealant - Type 8,1660,1660,2024-11-14,2024-11-14,received,356.93
PO900459,2024-10-31,SUP001,Ashoka Steel Works,W3,SKU00128,Bearing - Type 2,1771,1771,2024-11-22,2024-11-22,received,1917.4
PO900460,2024-11-03,SUP006,Deccan Plumbing Supplies,W1,SKU00129,Bearing - Type 3,1082,828,2024-11-19,2024-11-19,received,1034.83
PO900461,2024-11-03,SUP007,Titan Tools India,W2,SKU00113,Adhesives & Sealant - Type 5,971,971,2024-11-17,2024-11-17,received,554.18
PO900462,2024-11-06,SUP007,Titan Tools India,W2,SKU00110,Adhesives & Sealant - Type 2,396,309,2024-11-20,2024-11-20,received,225.64
PO900463,2024-11-09,SUP014,Vishal Steel Traders,W4,SKU00119,Adhesives & Sealant - Type 11,1079,1079,2024-12-14,2024-12-14,received,324.25
PO900464,2024-11-09,SUP011,Everest Hardware,W3,SKU00035,Hand Tool - Type 10,602,602,2024-11-30,2024-11-30,received,986.97
PO900465,2024-11-12,SUP003,Precision Bearings Ltd,W4,SKU00137,Bearing - Type 11,1020,1020,2024-12-20,2024-12-20,received,645.58
PO900466,2024-11-12,SUP012,Coastal Metal Traders,W3,SKU00082,Plumbing Supplie - Type 6,1124,1124,2024-12-22,2024-12-22,received,907.68
PO900467,2024-11-15,SUP011,Everest Hardware,W4,SKU00030,Hand Tool - Type 5,672,672,2024-12-06,2024-12-06,received,187.69
PO900468,2024-11-15,SUP011,Everest Hardware,W4,SKU00037,Hand Tool - Type 12,993,993,2024-12-06,2024-12-06,received,1171.0
PO900469,2024-11-18,SUP008,Sunrise Adhesives,W4,SKU00013,Electrical Component - Type 1,1559,1559,2024-12-07,2024-12-07,received,283.87
PO900470,2024-11-18,SUP013,Apex Industrial Components,W4,SKU00009,Fastener - Type 9,1858,1858,2024-12-26,2024-12-28,received,27.59
PO900471,2024-11-18,SUP008,Sunrise Adhesives,W4,SKU00024,Electrical Component - Type 12,1069,1069,2024-12-07,2024-12-07,received,439.12
PO900472,2024-11-21,SUP013,Apex Industrial Components,W3,SKU00006,Fastener - Type 6,1652,1652,2024-12-29,2024-12-29,received,11.09
PO900473,2024-11-21,SUP005,SafeGuard PPE Manufacturing,W4,SKU00074,Safety Equipment - Type 12,938,938,2024-12-19,2024-12-19,received,1277.54
PO900474,2024-11-21,SUP009,National Pipe & Fittings,W4,SKU00105,Pipes & Fitting - Type 12,1605,1605,2024-12-16,2024-12-16,received,1074.46
PO900475,2024-11-24,SUP006,Deccan Plumbing Supplies,W1,SKU00138,Bearing - Type 12,1834,1834,2024-12-10,2024-12-10,received,989.79
PO900476,2024-11-27,SUP011,Everest Hardware,W1,SKU00030,Hand Tool - Type 5,213,213,2024-12-18,2024-12-18,received,187.69
PO900477,2024-11-30,SUP004,Voltek Electricals,W3,SKU00002,Fastener - Type 2,780,780,2024-12-20,2024-12-20,received,22.21
PO900478,2024-11-30,SUP007,Titan Tools India,W2,SKU00126,Adhesives & Sealant - Type 18,459,459,2024-12-14,2024-12-14,received,352.46
PO900479,2024-12-03,SUP007,Titan Tools India,W2,SKU00125,Adhesives & Sealant - Type 17,1262,1095,2024-12-17,2024-12-20,received,76.43
PO900480,2024-12-03,SUP009,National Pipe & Fittings,W4,SKU00100,Pipes & Fitting - Type 7,1824,1824,2024-12-28,2025-01-01,delayed,530.67
PO900481,2024-12-03,SUP007,Titan Tools India,W3,SKU00122,Adhesives & Sealant - Type 14,724,724,2024-12-17,2024-12-17,received,259.27
PO900482,2024-12-06,SUP003,Precision Bearings Ltd,W4,SKU00140,Bearing - Type 14,607,607,2025-01-13,2025-01-13,received,1893.14
PO900483,2024-12-06,SUP001,Ashoka Steel Works,W2,SKU00137,Bearing - Type 11,1384,1384,2024-12-28,2024-12-28,received,645.58
PO900484,2024-12-06,SUP003,Precision Bearings Ltd,W3,SKU00131,Bearing - Type 5,1320,1320,2025-01-13,2025-01-16,received,1857.62
PO900485,2024-12-09,SUP007,Titan Tools India,W1,SKU00115,Adhesives & Sealant - Type 7,1852,1852,2024-12-23,2024-12-23,received,464.49
PO900486,2024-12-12,SUP007,Titan Tools India,W1,SKU00120,Adhesives & Sealant - Type 12,1666,1666,2024-12-26,2024-12-26,received,310.21
PO900487,2024-12-12,SUP009,National Pipe & Fittings,W1,SKU00099,Pipes & Fitting - Type 6,77,77,2025-01-06,2025-01-06,received,560.49
PO900488,2024-12-15,SUP014,Vishal Steel Traders,W2,SKU00112,Adhesives & Sealant - Type 4,335,335,2025-01-19,2025-01-22,received,211.27
PO900489,2024-12-15,SUP005,SafeGuard PPE Manufacturing,W4,SKU00070,Safety Equipment - Type 8,1952,1952,2025-01-12,2025-01-12,received,121.19
PO900490,2024-12-18,SUP012,Coastal Metal Traders,W2,SKU00091,Plumbing Supplie - Type 15,342,276,2025-01-27,2025-01-27,received,132.68
PO900491,2024-12-18,SUP010,LumaTech Lighting,W4,SKU00028,Hand Tool - Type 3,962,962,2025-01-16,2025-01-20,delayed,1242.64
PO900492,2024-12-21,SUP002,Bharat Fastener Co.,W4,SKU00118,Adhesives & Sealant - Type 10,427,427,2025-01-27,2025-01-30,received,521.78
PO900493,2024-12-21,SUP005,SafeGuard PPE Manufacturing,W3,SKU00069,Safety Equipment - Type 7,217,217,2025-01-18,2025-01-18,received,995.79
PO900494,2024-12-21,SUP006,Deccan Plumbing Supplies,W4,SKU00134,Bearing - Type 8,798,798,2025-01-06,2025-01-06,received,499.59
PO900495,2024-12-24,SUP013,Apex Industrial Components,W3,SKU00012,Fastener - Type 12,1951,1951,2025-01-31,2025-01-31,received,21.59
PO900496,2024-12-27,SUP015,Krishna Tools & Dies,W2,SKU00139,Bearing - Type 13,1611,1611,2025-01-03,2025-01-05,received,2355.14
PO900497,2024-12-27,SUP001,Ashoka Steel Works,W1,SKU00130,Bearing - Type 4,757,548,2025-01-18,2025-01-18,received,1527.22
PO900498,2024-12-27,SUP001,Ashoka Steel Works,W4,SKU00136,Bearing - Type 10,869,869,2025-01-18,2025-01-18,received,432.85
PO900499,2024-12-30,SUP001,Ashoka Steel Works,W4,SKU00138,Bearing - Type 12,620,620,2025-01-21,2025-01-21,received,989.79
PO900500,2024-12-30,SUP004,Voltek Electricals,W3,SKU00002,Fastener - Type 2,612,612,2025-01-19,2025-01-19,received,22.21
PO900501,2025-01-02,SUP001,Ashoka Steel Works,W2,SKU00135,Bearing - Type 9,1707,1707,2025-01-24,2025-01-25,received,1883.55
PO900502,2025-01-02,SUP002,Bharat Fastener Co.,W3,SKU00122,Adhesives & Sealant - Type 14,1343,1343,2025-02-08,2025-02-08,received,259.27
PO900503,2025-01-02,SUP012,Coastal Metal Traders,W2,SKU00079,Plumbing Supplie - Type 3,906,906,2025-02-11,2025-02-12,received,317.73
PO900504,2025-01-05,SUP015,Krishna Tools & Dies,W3,SKU00140,Bearing - Type 14,1292,1292,2025-01-12,2025-01-12,received,1893.14
PO900505,2025-01-05,SUP003,Precision Bearings Ltd,W4,SKU00134,Bearing - Type 8,1557,1557,2025-02-12,2025-02-12,received,499.59
PO900506,2025-01-08,SUP014,Vishal Steel Traders,W4,SKU00115,Adhesives & Sealant - Type 7,1289,1289,2025-02-12,2025-02-12,received,464.49
PO900507,2025-01-08,SUP001,Ashoka Steel Works,W2,SKU00133,Bearing - Type 7,1245,1245,2025-01-30,2025-01-30,received,81.99
PO900508,2025-01-08,SUP008,Sunrise Adhesives,W4,SKU00022,Electrical Component - Type 10,647,647,2025-01-27,2025-01-29,received,396.61
PO900509,2025-01-11,SUP009,National Pipe & Fittings,W2,SKU00100,Pipes & Fitting - Type 7,1058,1058,2025-02-05,2025-02-05,received,530.67
PO900510,2025-01-11,SUP004,Voltek Electricals,W3,SKU00012,Fastener - Type 12,431,431,2025-01-31,2025-01-31,received,21.59
PO900511,2025-01-11,SUP008,Sunrise Adhesives,W4,SKU00025,Electrical Component - Type 13,688,688,2025-01-30,2025-02-02,received,400.14
PO900512,2025-01-14,SUP001,Ashoka Steel Works,W4,SKU00130,Bearing - Type 4,873,873,2025-02-05,2025-02-05,received,1527.22
PO900513,2025-01-17,SUP003,Precision Bearings Ltd,W4,SKU00133,Bearing - Type 7,1999,1999,2025-02-24,2025-02-24,received,81.99
PO900514,2025-01-17,SUP009,National Pipe & Fittings,W3,SKU00107,Pipes & Fitting - Type 14,1060,1060,2025-02-11,2025-02-11,received,529.43
PO900515,2025-01-20,SUP009,National Pipe & Fittings,W4,SKU00105,Pipes & Fitting - Type 12,1688,1688,2025-02-14,2025-02-14,received,1074.46
PO900516,2025-01-20,SUP003,Precision Bearings Ltd,W3,SKU00134,Bearing - Type 8,1905,1905,2025-02-27,2025-02-27,received,499.59
PO900517,2025-01-23,SUP008,Sunrise Adhesives,W3,SKU00022,Electrical Component - Type 10,1196,1196,2025-02-11,2025-02-11,received,396.61
PO900518,2025-01-23,SUP015,Krishna Tools & Dies,W2,SKU00131,Bearing - Type 5,1241,1241,2025-01-30,2025-01-30,received,1857.62
PO900519,2025-01-23,SUP009,National Pipe & Fittings,W4,SKU00100,Pipes & Fitting - Type 7,1936,1936,2025-02-17,2025-02-17,received,530.67
PO900520,2025-01-26,SUP013,Apex Industrial Components,W1,SKU00001,Fastener - Type 1,1935,1935,2025-03-05,2025-03-05,received,6.92
PO900521,2025-01-26,SUP009,National Pipe & Fittings,W2,SKU00106,Pipes & Fitting - Type 13,204,0,2025-02-20,,cancelled,668.3
PO900522,2025-01-29,SUP003,Precision Bearings Ltd,W2,SKU00135,Bearing - Type 9,640,640,2025-03-08,2025-03-08,received,1883.55
PO900523,2025-01-29,SUP004,Voltek Electricals,W1,SKU00006,Fastener - Type 6,178,178,2025-02-18,2025-02-18,received,11.09
PO900524,2025-01-29,SUP004,Voltek Electricals,W4,SKU00011,Fastener - Type 11,1959,1959,2025-02-18,2025-02-18,received,38.29
PO900525,2025-02-01,SUP012,Coastal Metal Traders,W4,SKU00090,Plumbing Supplie - Type 14,1651,1651,2025-03-13,2025-03-13,received,688.4
PO900526,2025-02-04,SUP004,Voltek Electricals,W2,SKU00012,Fastener - Type 12,1238,1238,2025-02-24,2025-02-24,received,21.59
PO900527,2025-02-04,SUP006,Deccan Plumbing Supplies,W2,SKU00136,Bearing - Type 10,1873,1873,2025-02-20,2025-02-23,received,432.85
PO900528,2025-02-07,SUP009,National Pipe & Fittings,W1,SKU00107,Pipes & Fitting - Type 14,1608,1608,2025-03-04,2025-03-04,received,529.43
PO900529,2025-02-07,SUP011,Everest Hardware,W2,SKU00033,Hand Tool - Type 8,1054,1054,2025-02-28,2025-03-02,received,388.5
PO900530,2025-02-10,SUP012,Coastal Metal Traders,W1,SKU00089,Plumbing Supplie - Type 13,1180,1180,2025-03-22,2025-03-22,received,254.3
PO900531,2025-02-10,SUP009,National Pipe & Fittings,W1,SKU00108,Pipes & Fitting - Type 15,708,708,2025-03-07,2025-03-07,received,1047.5
PO900532,2025-02-13,SUP010,LumaTech Lighting,W1,SKU00030,Hand Tool - Type 5,892,0,2025-03-14,,cancelled,187.69
PO900533,2025-02-13,SUP009,National Pipe & Fittings,W1,SKU00105,Pipes & Fitting - Type 12,560,560,2025-03-10,2025-03-10,received,1074.46
PO900534,2025-02-16,SUP013,Apex Industrial Components,W4,SKU00011,Fastener - Type 11,1531,1531,2025-03-26,2025-03-26,received,38.29
PO900535,2025-02-16,SUP001,Ashoka Steel Works,W4,SKU00131,Bearing - Type 5,729,729,2025-03-10,2025-03-10,received,1857.62
PO900536,2025-02-19,SUP001,Ashoka Steel Works,W3,SKU00137,Bearing - Type 11,1332,1332,2025-03-13,2025-03-13,received,645.58
PO900537,2025-02-19,SUP015,Krishna Tools & Dies,W1,SKU00128,Bearing - Type 2,704,704,2025-02-26,2025-03-01,received,1917.4
PO900538,2025-02-19,SUP001,Ashoka Steel Works,W1,SKU00133,Bearing - Type 7,710,710,2025-03-13,2025-03-16,received,81.99
PO900539,2025-02-22,SUP005,SafeGuard PPE Manufacturing,W4,SKU00063,Safety Equipment - Type 1,466,466,2025-03-22,2025-03-22,received,1450.22
PO900540,2025-02-22,SUP013,Apex Industrial Components,W3,SKU00004,Fastener - Type 4,1749,1749,2025-04-01,2025-04-01,received,12.18
PO900541,2025-02-25,SUP004,Voltek Electricals,W4,SKU00011,Fastener - Type 11,689,689,2025-03-17,2025-03-17,received,38.29
PO900542,2025-02-28,SUP008,Sunrise Adhesives,W1,SKU00018,Electrical Component - Type 6,1892,1892,2025-03-19,2025-03-19,received,516.7
PO900543,2025-02-28,SUP011,Everest Hardware,W1,SKU00032,Hand Tool - Type 7,1488,1209,2025-03-21,2025-03-21,received,1423.8
PO900544,2025-03-03,SUP006,Deccan Plumbing Supplies,W3,SKU00130,Bearing - Type 4,1091,1091,2025-03-19,2025-03-19,received,1527.22
PO900545,2025-03-06,SUP003,Precision Bearings Ltd,W3,SKU00136,Bearing - Type 10,185,185,2025-04-13,2025-04-13,received,432.85
PO900546,2025-03-09,SUP001,Ashoka Steel Works,W1,SKU00137,Bearing - Type 11,1351,1351,2025-03-31,2025-03-31,received,645.58
PO900547,2025-03-12,SUP007,Titan Tools India,W1,SKU00122,Adhesives & Sealant - Type 14,1549,1549,2025-03-26,2025-03-26,received,259.27
PO900548,2025-03-12,SUP009,National Pipe & Fittings,W4,SKU00107,Pipes & Fitting - Type 14,1677,1677,2025-04-06,2025-04-06,received,529.43
PO900549,2025-03-15,SUP014,Vishal Steel Traders,W2,SKU00118,Adhesives & Sealant - Type 10,1590,1590,2025-04-19,2025-04-22,received,521.78
PO900550,2025-03-18,SUP009,National Pipe & Fittings,W2,SKU00101,Pipes & Fitting - Type 8,176,176,2025-04-12,2025-04-16,delayed,64.18
PO900551,2025-03-21,SUP015,Krishna Tools & Dies,W1,SKU00130,Bearing - Type 4,262,262,2025-03-28,2025-03-28,received,1527.22
PO900552,2025-03-21,SUP009,National Pipe & Fittings,W3,SKU00103,Pipes & Fitting - Type 10,1391,1391,2025-04-15,2025-04-15,received,70.36
PO900553,2025-03-24,SUP015,Krishna Tools & Dies,W4,SKU00139,Bearing - Type 13,1325,1045,2025-03-31,2025-03-31,received,2355.14
PO900554,2025-03-24,SUP008,Sunrise Adhesives,W4,SKU00017,Electrical Component - Type 5,1261,1261,2025-04-12,2025-04-12,received,819.03
PO900555,2025-03-27,SUP008,Sunrise Adhesives,W2,SKU00024,Electrical Component - Type 12,347,347,2025-04-15,2025-04-15,received,439.12
PO900556,2025-03-30,SUP004,Voltek Electricals,W1,SKU00009,Fastener - Type 9,1355,1166,2025-04-19,2025-04-19,received,27.59
PO900557,2025-03-30,SUP002,Bharat Fastener Co.,W1,SKU00113,Adhesives & Sealant - Type 5,855,855,2025-05-06,2025-05-06,received,554.18
PO900558,2025-04-02,SUP002,Bharat Fastener Co.,W1,SKU00111,Adhesives & Sealant - Type 3,1766,1766,2025-05-09,2025-05-09,received,337.6
PO900559,2025-04-05,SUP007,Titan Tools India,W2,SKU00112,Adhesives & Sealant - Type 4,419,419,2025-04-19,2025-04-19,received,211.27
PO900560,2025-04-08,SUP008,Sunrise Adhesives,W2,SKU00019,Electrical Component - Type 7,1640,1640,2025-04-27,2025-04-27,received,358.44
PO900561,2025-04-08,SUP012,Coastal Metal Traders,W4,SKU00085,Plumbing Supplie - Type 9,1025,1025,2025-05-18,2025-05-18,received,525.29
PO900562,2025-04-08,SUP015,Krishna Tools & Dies,W3,SKU00135,Bearing - Type 9,1584,1584,2025-04-15,2025-04-15,received,1883.55
PO900563,2025-04-11,SUP015,Krishna Tools & Dies,W4,SKU00129,Bearing - Type 3,1393,1393,2025-04-18,2025-04-18,received,1034.83
PO900564,2025-04-14,SUP011,Everest Hardware,W1,SKU00035,Hand Tool - Type 10,717,717,2025-05-05,2025-05-05,received,986.97
PO900565,2025-04-14,SUP008,Sunrise Adhesives,W3,SKU00018,Electrical Component - Type 6,908,908,2025-05-03,2025-05-03,received,516.7
PO900566,2025-04-14,SUP006,Deccan Plumbing Supplies,W1,SKU00132,Bearing - Type 6,1410,1410,2025-04-30,2025-04-30,received,804.38
PO900567,2025-04-17,SUP014,Vishal Steel Traders,W3,SKU00122,Adhesives & Sealant - Type 14,326,326,2025-05-22,2025-05-22,received,259.27
PO900568,2025-04-17,SUP006,Deccan Plumbing Supplies,W4,SKU00133,Bearing - Type 7,1518,0,2025-05-03,,cancelled,81.99
PO900569,2025-04-17,SUP012,Coastal Metal Traders,W4,SKU00083,Plumbing Supplie - Type 7,466,466,2025-05-27,2025-05-27,received,283.05
PO900570,2025-04-20,SUP015,Krishna Tools & Dies,W3,SKU00138,Bearing - Type 12,397,397,2025-04-27,2025-04-27,received,989.79
PO900571,2025-04-23,SUP003,Precision Bearings Ltd,W4,SKU00139,Bearing - Type 13,1950,1950,2025-05-31,2025-05-31,received,2355.14
PO900572,2025-04-23,SUP014,Vishal Steel Traders,W4,SKU00109,Adhesives & Sealant - Type 1,963,963,2025-05-28,2025-05-31,received,420.81
PO900573,2025-04-26,SUP003,Precision Bearings Ltd,W1,SKU00131,Bearing - Type 5,1508,1508,2025-06-03,2025-06-03,received,1857.62
PO900574,2025-04-26,SUP008,Sunrise Adhesives,W4,SKU00022,Electrical Component - Type 10,931,837,2025-05-15,2025-05-15,received,396.61
PO900575,2025-04-29,SUP008,Sunrise Adhesives,W1,SKU00025,Electrical Component - Type 13,424,424,2025-05-18,2025-05-18,received,400.14
PO900576,2025-05-02,SUP014,Vishal Steel Traders,W1,SKU00113,Adhesives & Sealant - Type 5,634,634,2025-06-06,2025-06-08,received,554.18
PO900577,2025-05-05,SUP011,Everest Hardware,W3,SKU00027,Hand Tool - Type 2,608,608,2025-05-26,2025-05-28,received,933.87
PO900578,2025-05-05,SUP012,Coastal Metal Traders,W2,SKU00078,Plumbing Supplie - Type 2,1615,1615,2025-06-14,2025-06-14,received,51.77
PO900579,2025-05-05,SUP003,Precision Bearings Ltd,W2,SKU00128,Bearing - Type 2,678,678,2025-06-12,2025-06-12,received,1917.4
PO900580,2025-05-08,SUP015,Krishna Tools & Dies,W2,SKU00134,Bearing - Type 8,1506,1506,2025-05-15,2025-05-15,received,499.59
PO900581,2025-05-08,SUP005,SafeGuard PPE Manufacturing,W4,SKU00064,Safety Equipment - Type 2,1213,1213,2025-06-05,2025-06-05,received,225.36
PO900582,2025-05-11,SUP008,Sunrise Adhesives,W4,SKU00023,Electrical Component - Type 11,636,636,2025-05-30,2025-06-02,received,335.82
PO900583,2025-05-11,SUP015,Krishna Tools & Dies,W4,SKU00139,Bearing - Type 13,170,170,2025-05-18,2025-05-18,received,2355.14
PO900584,2025-05-14,SUP008,Sunrise Adhesives,W4,SKU00013,Electrical Component - Type 1,734,734,2025-06-02,2025-06-02,received,283.87
PO900585,2025-05-17,SUP014,Vishal Steel Traders,W3,SKU00119,Adhesives & Sealant - Type 11,518,518,2025-06-21,2025-06-21,received,324.25
PO900586,2025-05-17,SUP005,SafeGuard PPE Manufacturing,W2,SKU00072,Safety Equipment - Type 10,1816,1816,2025-06-14,2025-06-14,received,1273.06
PO900587,2025-05-20,SUP007,Titan Tools India,W2,SKU00123,Adhesives & Sealant - Type 15,504,504,2025-06-03,2025-06-03,received,459.67
PO900588,2025-05-20,SUP002,Bharat Fastener Co.,W2,SKU00112,Adhesives & Sealant - Type 4,1015,1015,2025-06-26,2025-06-26,received,211.27
PO900589,2025-05-20,SUP004,Voltek Electricals,W3,SKU00007,Fastener - Type 7,1636,1636,2025-06-09,2025-06-09,received,57.01
PO900590,2025-05-23,SUP003,Precision Bearings Ltd,W4,SKU00137,Bearing - Type 11,823,823,2025-06-30,2025-06-30,received,645.58
PO900591,2025-05-23,SUP003,Precision Bearings Ltd,W3,SKU00128,Bearing - Type 2,441,441,2025-06-30,2025-06-30,received,1917.4
PO900592,2025-05-23,SUP009,National Pipe & Fittings,W1,SKU00099,Pipes & Fitting - Type 6,1765,1765,2025-06-17,2025-06-17,received,560.49
PO900593,2025-05-26,SUP011,Everest Hardware,W2,SKU00040,Hand Tool - Type 15,1282,1282,2025-06-16,2025-06-18,received,580.89
PO900594,2025-05-26,SUP007,Titan Tools India,W1,SKU00113,Adhesives & Sealant - Type 5,1495,1495,2025-06-09,2025-06-09,received,554.18
PO900595,2025-05-26,SUP003,Precision Bearings Ltd,W3,SKU00137,Bearing - Type 11,1061,1061,2025-07-03,2025-07-03,received,645.58
PO900596,2025-05-29,SUP007,Titan Tools India,W4,SKU00112,Adhesives & Sealant - Type 4,1445,1445,2025-06-12,2025-06-12,received,211.27
PO900597,2025-05-29,SUP002,Bharat Fastener Co.,W4,SKU00125,Adhesives & Sealant - Type 17,701,701,2025-07-05,2025-07-05,received,76.43
PO900598,2025-05-29,SUP001,Ashoka Steel Works,W4,SKU00140,Bearing - Type 14,1038,1038,2025-06-20,2025-06-20,received,1893.14
PO900599,2025-06-01,SUP001,Ashoka Steel Works,W1,SKU00129,Bearing - Type 3,1882,1882,2025-06-23,2025-06-23,received,1034.83
PO900600,2025-06-01,SUP006,Deccan Plumbing Supplies,W1,SKU00135,Bearing - Type 9,1002,1002,2025-06-17,2025-06-17,received,1883.55
PO900601,2025-06-04,SUP003,Precision Bearings Ltd,W3,SKU00133,Bearing - Type 7,787,787,2025-07-12,2025-07-12,received,81.99
PO900602,2025-06-04,SUP011,Everest Hardware,W2,SKU00031,Hand Tool - Type 6,523,523,2025-06-25,2025-06-25,received,209.82
PO900603,2025-06-04,SUP014,Vishal Steel Traders,W2,SKU00109,Adhesives & Sealant - Type 1,59,59,2025-07-09,2025-07-09,received,420.81
PO900604,2025-06-07,SUP012,Coastal Metal Traders,W4,SKU00086,Plumbing Supplie - Type 10,1443,1443,2025-07-17,2025-07-17,received,413.93
PO900605,2025-06-07,SUP009,National Pipe & Fittings,W4,SKU00103,Pipes & Fitting - Type 10,244,210,2025-07-02,2025-07-06,delayed,70.36
PO900606,2025-06-07,SUP011,Everest Hardware,W1,SKU00029,Hand Tool - Type 4,1914,1914,2025-06-28,2025-06-28,received,1396.1
PO900607,2025-06-10,SUP008,Sunrise Adhesives,W1,SKU00020,Electrical Component - Type 8,218,218,2025-06-29,2025-06-29,received,696.68
PO900608,2025-06-10,SUP011,Everest Hardware,W2,SKU00037,Hand Tool - Type 12,1909,1909,2025-07-01,2025-07-01,received,1171.0
PO900609,2025-06-13,SUP012,Coastal Metal Traders,W1,SKU00086,Plumbing Supplie - Type 10,1926,0,2025-07-23,,cancelled,413.93
PO900610,2025-06-13,SUP010,LumaTech Lighting,W1,SKU00026,Hand Tool - Type 1,1320,1320,2025-07-12,2025-07-12,received,523.51
PO900611,2025-06-16,SUP005,SafeGuard PPE Manufacturing,W4,SKU00066,Safety Equipment - Type 4,1611,1611,2025-07-14,2025-07-14,received,1506.09
PO900612,2025-06-19,SUP012,Coastal Metal Traders,W4,SKU00090,Plumbing Supplie - Type 14,490,490,2025-07-29,2025-07-29,received,688.4
PO900613,2025-06-22,SUP009,National Pipe & Fittings,W1,SKU00106,Pipes & Fitting - Type 13,416,416,2025-07-17,2025-07-17,received,668.3
PO900614,2025-06-22,SUP003,Precision Bearings Ltd,W1,SKU00139,Bearing - Type 13,279,279,2025-07-30,2025-07-30,received,2355.14
PO900615,2025-06-22,SUP008,Sunrise Adhesives,W1,SKU00023,Electrical Component - Type 11,1493,1493,2025-07-11,2025-07-11,received,335.82
PO900616,2025-06-25,SUP004,Voltek Electricals,W3,SKU00003,Fastener - Type 3,528,489,2025-07-15,2025-07-15,received,21.09
PO900617,2025-06-25,SUP008,Sunrise Adhesives,W1,SKU00016,Electrical Component - Type 4,1349,1349,2025-07-14,2025-07-14,received,507.08
PO900618,2025-06-28,SUP015,Krishna Tools & Dies,W2,SKU00131,Bearing - Type 5,673,673,2025-07-05,2025-07-07,received,1857.62
PO900619,2025-06-28,SUP001,Ashoka Steel Works,W2,SKU00132,Bearing - Type 6,896,826,2025-07-20,2025-07-20,received,804.38
PO900620,2025-06-28,SUP002,Bharat Fastener Co.,W2,SKU00119,Adhesives & Sealant - Type 11,753,753,2025-08-04,2025-08-04,received,324.25
PO900621,2025-07-01,SUP015,Krishna Tools & Dies,W1,SKU00136,Bearing - Type 10,225,225,2025-07-08,2025-07-08,received,432.85
PO900622,2025-07-01,SUP002,Bharat Fastener Co.,W4,SKU00119,Adhesives & Sealant - Type 11,529,529,2025-08-07,2025-08-07,received,324.25
PO900623,2025-07-01,SUP001,Ashoka Steel Works,W3,SKU00127,Bearing - Type 1,282,282,2025-07-23,2025-07-23,received,407.58
PO900624,2025-07-04,SUP013,Apex Industrial Components,W3,SKU00011,Fastener - Type 11,1233,1233,2025-08-11,2025-08-11,received,38.29
PO900625,2025-07-04,SUP005,SafeGuard PPE Manufacturing,W1,SKU00070,Safety Equipment - Type 8,1277,1277,2025-08-01,2025-08-01,received,121.19
PO900626,2025-07-04,SUP006,Deccan Plumbing Supplies,W3,SKU00138,Bearing - Type 12,926,926,2025-07-20,2025-07-22,received,989.79
PO900627,2025-07-07,SUP003,Precision Bearings Ltd,W3,SKU00128,Bearing - Type 2,1753,0,2025-08-14,,cancelled,1917.4
PO900628,2025-07-07,SUP006,Deccan Plumbing Supplies,W4,SKU00127,Bearing - Type 1,1001,1001,2025-07-23,2025-07-23,received,407.58
PO900629,2025-07-10,SUP004,Voltek Electricals,W4,SKU00009,Fastener - Type 9,56,56,2025-07-30,2025-07-31,received,27.59
PO900630,2025-07-13,SUP004,Voltek Electricals,W1,SKU00008,Fastener - Type 8,1169,1169,2025-08-02,2025-08-02,received,43.82
PO900631,2025-07-16,SUP014,Vishal Steel Traders,W3,SKU00121,Adhesives & Sealant - Type 13,1511,1122,2025-08-20,2025-08-20,received,266.53
PO900632,2025-07-19,SUP004,Voltek Electricals,W4,SKU00012,Fastener - Type 12,198,198,2025-08-08,2025-08-10,received,21.59
PO900633,2025-07-19,SUP005,SafeGuard PPE Manufacturing,W3,SKU00072,Safety Equipment - Type 10,1497,1497,2025-08-16,2025-08-16,received,1273.06
PO900634,2025-07-22,SUP005,SafeGuard PPE Manufacturing,W2,SKU00064,Safety Equipment - Type 2,1197,1197,2025-08-19,2025-08-19,received,225.36
PO900635,2025-07-22,SUP014,Vishal Steel Traders,W3,SKU00124,Adhesives & Sealant - Type 16,398,398,2025-08-26,2025-08-26,received,407.16
PO900636,2025-07-22,SUP005,SafeGuard PPE Manufacturing,W4,SKU00072,Safety Equipment - Type 10,1432,1432,2025-08-19,2025-08-21,received,1273.06
PO900637,2025-07-25,SUP006,Deccan Plumbing Supplies,W3,SKU00136,Bearing - Type 10,740,740,2025-08-10,2025-08-10,received,432.85
PO900638,2025-07-25,SUP013,Apex Industrial Components,W2,SKU00002,Fastener - Type 2,1206,1206,2025-09-01,2025-09-01,received,22.21
PO900639,2025-07-28,SUP003,Precision Bearings Ltd,W2,SKU00127,Bearing - Type 1,1421,1048,2025-09-04,2025-09-04,received,407.58
PO900640,2025-07-28,SUP011,Everest Hardware,W1,SKU00034,Hand Tool - Type 9,50,50,2025-08-18,2025-08-18,received,349.68
PO900641,2025-07-28,SUP003,Precision Bearings Ltd,W1,SKU00139,Bearing - Type 13,1187,1187,2025-09-04,2025-09-04,received,2355.14
PO900642,2025-07-31,SUP008,Sunrise Adhesives,W2,SKU00025,Electrical Component - Type 13,628,628,2025-08-19,2025-08-19,received,400.14
PO900643,2025-08-03,SUP004,Voltek Electricals,W2,SKU00001,Fastener - Type 1,1443,1443,2025-08-23,2025-08-23,received,6.92
PO900644,2025-08-03,SUP012,Coastal Metal Traders,W3,SKU00083,Plumbing Supplie - Type 7,1994,1994,2025-09-12,2025-09-12,received,283.05
PO900645,2025-08-06,SUP010,LumaTech Lighting,W1,SKU00038,Hand Tool - Type 13,407,407,2025-09-04,2025-09-04,received,217.48
PO900646,2025-08-09,SUP005,SafeGuard PPE Manufacturing,W4,SKU00075,Safety Equipment - Type 13,1386,1386,2025-09-06,2025-09-06,received,1179.99
PO900647,2025-08-12,SUP002,Bharat Fastener Co.,W2,SKU00123,Adhesives & Sealant - Type 15,960,960,2025-09-18,2025-09-18,received,459.67
PO900648,2025-08-12,SUP005,SafeGuard PPE Manufacturing,W3,SKU00064,Safety Equipment - Type 2,680,680,2025-09-09,2025-09-09,received,225.36
PO900649,2025-08-15,SUP014,Vishal Steel Traders,W1,SKU00119,Adhesives & Sealant - Type 11,193,193,2025-09-19,2025-09-19,received,324.25
PO900650,2025-08-18,SUP001,Ashoka Steel Works,W2,SKU00131,Bearing - Type 5,1096,1096,2025-09-09,2025-09-09,received,1857.62
PO900651,2025-08-18,SUP014,Vishal Steel Traders,W4,SKU00122,Adhesives & Sealant - Type 14,122,122,2025-09-22,2025-09-26,delayed,259.27
PO900652,2025-08-18,SUP006,Deccan Plumbing Supplies,W2,SKU00138,Bearing - Type 12,448,448,2025-09-03,2025-09-03,received,989.79
PO900653,2025-08-21,SUP006,Deccan Plumbing Supplies,W4,SKU00133,Bearing - Type 7,866,866,2025-09-06,2025-09-06,received,81.99
PO900654,2025-08-24,SUP007,Titan Tools India,W3,SKU00122,Adhesives & Sealant - Type 14,1799,1799,2025-09-07,2025-09-07,received,259.27
PO900655,2025-08-24,SUP012,Coastal Metal Traders,W3,SKU00089,Plumbing Supplie - Type 13,1322,1322,2025-10-03,2025-10-03,received,254.3
PO900656,2025-08-27,SUP005,SafeGuard PPE Manufacturing,W3,SKU00063,Safety Equipment - Type 1,1587,1587,2025-09-24,2025-09-28,delayed,1450.22
PO900657,2025-08-27,SUP005,SafeGuard PPE Manufacturing,W2,SKU00067,Safety Equipment - Type 5,1419,1419,2025-09-24,2025-09-24,received,1005.65
PO900658,2025-08-30,SUP009,National Pipe & Fittings,W3,SKU00098,Pipes & Fitting - Type 5,1682,1682,2025-09-24,2025-09-27,received,958.68
PO900659,2025-08-30,SUP005,SafeGuard PPE Manufacturing,W3,SKU00068,Safety Equipment - Type 6,1685,1685,2025-09-27,2025-09-27,received,1088.51
PO900660,2025-08-30,SUP012,Coastal Metal Traders,W4,SKU00093,Plumbing Supplie - Type 17,386,386,2025-10-09,2025-10-12,received,578.35
PO900661,2025-09-02,SUP010,LumaTech Lighting,W2,SKU00033,Hand Tool - Type 8,385,385,2025-10-01,2025-10-01,received,388.5
PO900662,2025-09-02,SUP007,Titan Tools India,W2,SKU00121,Adhesives & Sealant - Type 13,554,554,2025-09-16,2025-09-16,received,266.53
PO900663,2025-09-02,SUP011,Everest Hardware,W3,SKU00026,Hand Tool - Type 1,1992,1992,2025-09-23,2025-09-23,received,523.51
PO900664,2025-09-05,SUP001,Ashoka Steel Works,W3,SKU00127,Bearing - Type 1,1487,1487,2025-09-27,2025-09-29,received,407.58
PO900665,2025-09-08,SUP004,Voltek Electricals,W4,SKU00005,Fastener - Type 5,512,512,2025-09-28,2025-09-28,received,41.97
PO900666,2025-09-08,SUP008,Sunrise Adhesives,W2,SKU00023,Electrical Component - Type 11,1616,1616,2025-09-27,2025-09-27,received,335.82
PO900667,2025-09-11,SUP002,Bharat Fastener Co.,W1,SKU00126,Adhesives & Sealant - Type 18,106,79,2025-10-18,2025-10-18,received,352.46
PO900668,2025-09-11,SUP008,Sunrise Adhesives,W4,SKU00025,Electrical Component - Type 13,719,719,2025-09-30,2025-09-30,received,400.14
PO900669,2025-09-11,SUP003,Precision Bearings Ltd,W3,SKU00138,Bearing - Type 12,1497,1497,2025-10-19,2025-10-21,received,989.79
PO900670,2025-09-14,SUP009,National Pipe & Fittings,W2,SKU00094,Pipes & Fitting - Type 1,247,247,2025-10-09,2025-10-09,received,482.18
PO900671,2025-09-14,SUP010,LumaTech Lighting,W1,SKU00041,Hand Tool - Type 16,963,910,2025-10-13,2025-10-13,received,1584.93
PO900672,2025-09-17,SUP011,Everest Hardware,W3,SKU00039,Hand Tool - Type 14,1829,1829,2025-10-08,2025-10-08,received,828.95
PO900673,2025-09-17,SUP006,Deccan Plumbing Supplies,W4,SKU00135,Bearing - Type 9,723,723,2025-10-03,2025-10-03,received,1883.55
PO900674,2025-09-20,SUP012,Coastal Metal Traders,W3,SKU00090,Plumbing Supplie - Type 14,1884,1884,2025-10-30,2025-10-30,received,688.4
PO900675,2025-09-23,SUP014,Vishal Steel Traders,W1,SKU00124,Adhesives & Sealant - Type 16,1600,1600,2025-10-28,2025-10-28,received,407.16
PO900676,2025-09-26,SUP004,Voltek Electricals,W1,SKU00004,Fastener - Type 4,511,511,2025-10-16,2025-10-16,received,12.18
PO900677,2025-09-29,SUP010,LumaTech Lighting,W1,SKU00032,Hand Tool - Type 7,1303,1303,2025-10-28,2025-10-28,received,1423.8
PO900678,2025-10-02,SUP009,National Pipe & Fittings,W2,SKU00098,Pipes & Fitting - Type 5,370,370,2025-10-27,2025-10-29,received,958.68
PO900679,2025-10-02,SUP003,Precision Bearings Ltd,W3,SKU00134,Bearing - Type 8,1834,1834,2025-11-09,2025-11-09,received,499.59
PO900680,2025-10-02,SUP007,Titan Tools India,W3,SKU00114,Adhesives & Sealant - Type 6,1885,1885,2025-10-16,2025-10-16,received,233.76
PO900681,2025-10-05,SUP005,SafeGuard PPE Manufacturing,W1,SKU00071,Safety Equipment - Type 9,851,851,2025-11-02,2025-11-06,delayed,1621.04
PO900682,2025-10-05,SUP001,Ashoka Steel Works,W4,SKU00132,Bearing - Type 6,1485,1485,2025-10-27,2025-10-27,received,804.38
PO900683,2025-10-05,SUP013,Apex Industrial Components,W2,SKU00009,Fastener - Type 9,1447,1447,2025-11-12,2025-11-12,received,27.59
PO900684,2025-10-08,SUP010,LumaTech Lighting,W1,SKU00027,Hand Tool - Type 2,430,430,2025-11-06,2025-11-06,received,933.87
PO900685,2025-10-08,SUP009,National Pipe & Fittings,W4,SKU00101,Pipes & Fitting - Type 8,216,216,2025-11-02,2025-11-02,received,64.18
PO900686,2025-10-08,SUP012,Coastal Metal Traders,W1,SKU00087,Plumbing Supplie - Type 11,1499,1173,2025-11-17,2025-11-17,received,704.55
PO900687,2025-10-11,SUP014,Vishal Steel Traders,W2,SKU00124,Adhesives & Sealant - Type 16,509,509,2025-11-15,2025-11-15,received,407.16
PO900688,2025-10-11,SUP004,Voltek Electricals,W3,SKU00005,Fastener - Type 5,1489,1489,2025-10-31,2025-10-31,received,41.97
PO900689,2025-10-14,SUP004,Voltek Electricals,W4,SKU00005,Fastener - Type 5,131,116,2025-11-03,2025-11-03,received,41.97
PO900690,2025-10-14,SUP014,Vishal Steel Traders,W3,SKU00126,Adhesives & Sealant - Type 18,66,66,2025-11-18,2025-11-18,received,352.46
PO900691,2025-10-14,SUP010,LumaTech Lighting,W1,SKU00029,Hand Tool - Type 4,297,297,2025-11-12,2025-11-12,received,1396.1
PO900692,2025-10-17,SUP009,National Pipe & Fittings,W1,SKU00094,Pipes & Fitting - Type 1,1492,1492,2025-11-11,2025-11-11,received,482.18
PO900693,2025-10-17,SUP002,Bharat Fastener Co.,W1,SKU00109,Adhesives & Sealant - Type 1,1508,1508,2025-11-23,2025-11-23,received,420.81
PO900694,2025-10-20,SUP001,Ashoka Steel Works,W1,SKU00135,Bearing - Type 9,902,902,2025-11-11,2025-11-11,received,1883.55
PO900695,2025-10-20,SUP014,Vishal Steel Traders,W1,SKU00123,Adhesives & Sealant - Type 15,205,205,2025-11-24,2025-11-24,received,459.67
PO900696,2025-10-20,SUP001,Ashoka Steel Works,W2,SKU00136,Bearing - Type 10,684,684,2025-11-11,2025-11-11,received,432.85
PO900697,2025-10-23,SUP010,LumaTech Lighting,W2,SKU00031,Hand Tool - Type 6,353,353,2025-11-21,2025-11-25,delayed,209.82
PO900698,2025-10-26,SUP007,Titan Tools India,W3,SKU00116,Adhesives & Sealant - Type 8,407,407,2025-11-09,2025-11-09,received,356.93
PO900699,2025-10-26,SUP010,LumaTech Lighting,W4,SKU00029,Hand Tool - Type 4,1432,1432,2025-11-24,2025-11-24,received,1396.1
PO900700,2025-10-29,SUP015,Krishna Tools & Dies,W2,SKU00134,Bearing - Type 8,1930,1930,2025-11-05,2025-11-05,received,499.59
PO900701,2025-10-29,SUP005,SafeGuard PPE Manufacturing,W3,SKU00066,Safety Equipment - Type 4,1206,1206,2025-11-26,2025-11-26,received,1506.09
PO900702,2025-10-29,SUP013,Apex Industrial Components,W3,SKU00006,Fastener - Type 6,593,593,2025-12-06,2025-12-08,received,11.09
PO900703,2025-11-01,SUP015,Krishna Tools & Dies,W4,SKU00129,Bearing - Type 3,1615,1615,2025-11-08,2025-11-08,received,1034.83
PO900704,2025-11-01,SUP010,LumaTech Lighting,W2,SKU00030,Hand Tool - Type 5,437,437,2025-11-30,2025-11-30,received,187.69
PO900705,2025-11-04,SUP009,National Pipe & Fittings,W1,SKU00105,Pipes & Fitting - Type 12,64,64,2025-11-29,2025-11-29,received,1074.46
PO900706,2025-11-04,SUP010,LumaTech Lighting,W3,SKU00042,Hand Tool - Type 17,1992,1992,2025-12-03,2025-12-03,received,790.38
PO900707,2025-11-04,SUP013,Apex Industrial Components,W1,SKU00009,Fastener - Type 9,1229,1229,2025-12-12,2025-12-12,received,27.59
PO900708,2025-11-07,SUP003,Precision Bearings Ltd,W3,SKU00137,Bearing - Type 11,399,399,2025-12-15,2025-12-15,received,645.58
PO900709,2025-11-07,SUP003,Precision Bearings Ltd,W4,SKU00138,Bearing - Type 12,1917,1917,2025-12-15,2025-12-15,received,989.79
PO900710,2025-11-10,SUP008,Sunrise Adhesives,W3,SKU00015,Electrical Component - Type 3,749,749,2025-11-29,2025-11-29,received,460.2
PO900711,2025-11-10,SUP008,Sunrise Adhesives,W4,SKU00013,Electrical Component - Type 1,971,971,2025-11-29,2025-11-29,received,283.87
PO900712,2025-11-13,SUP007,Titan Tools India,W4,SKU00110,Adhesives & Sealant - Type 2,1398,1398,2025-11-27,2025-11-28,received,225.64
PO900713,2025-11-13,SUP012,Coastal Metal Traders,W2,SKU00080,Plumbing Supplie - Type 4,1871,1871,2025-12-23,2025-12-23,received,507.75
PO900714,2025-11-16,SUP011,Everest Hardware,W2,SKU00032,Hand Tool - Type 7,860,860,2025-12-07,2025-12-09,received,1423.8
PO900715,2025-11-19,SUP006,Deccan Plumbing Supplies,W2,SKU00128,Bearing - Type 2,204,204,2025-12-05,2025-12-05,received,1917.4
PO900716,2025-11-22,SUP012,Coastal Metal Traders,W1,SKU00080,Plumbing Supplie - Type 4,139,139,2026-01-01,2026-01-01,received,507.75
PO900717,2025-11-22,SUP011,Everest Hardware,W1,SKU00027,Hand Tool - Type 2,204,204,2025-12-13,2025-12-17,delayed,933.87
PO900718,2025-11-25,SUP014,Vishal Steel Traders,W4,SKU00120,Adhesives & Sealant - Type 12,170,170,2025-12-30,2025-12-30,received,310.21
PO900719,2025-11-25,SUP003,Precision Bearings Ltd,W3,SKU00132,Bearing - Type 6,440,440,2026-01-02,2026-01-02,received,804.38
PO900720,2025-11-25,SUP014,Vishal Steel Traders,W4,SKU00114,Adhesives & Sealant - Type 6,1830,1830,2025-12-30,2025-12-30,received,233.76
PO900721,2025-11-28,SUP009,National Pipe & Fittings,W3,SKU00098,Pipes & Fitting - Type 5,328,328,2025-12-23,2025-12-23,received,958.68
PO900722,2025-12-01,SUP006,Deccan Plumbing Supplies,W1,SKU00129,Bearing - Type 3,1840,1840,2025-12-17,2025-12-17,received,1034.83
PO900723,2025-12-01,SUP007,Titan Tools India,W4,SKU00113,Adhesives & Sealant - Type 5,482,482,2025-12-15,2025-12-15,received,554.18
PO900724,2025-12-04,SUP003,Precision Bearings Ltd,W2,SKU00127,Bearing - Type 1,850,850,2026-01-11,2026-01-11,received,407.58
PO900725,2025-12-04,SUP005,SafeGuard PPE Manufacturing,W3,SKU00070,Safety Equipment - Type 8,1972,1972,2026-01-01,2026-01-01,received,121.19
PO900726,2025-12-07,SUP012,Coastal Metal Traders,W4,SKU00088,Plumbing Supplie - Type 12,74,74,2026-01-16,2026-01-16,received,420.32
PO900727,2025-12-07,SUP010,LumaTech Lighting,W4,SKU00037,Hand Tool - Type 12,946,946,2026-01-05,2026-01-05,received,1171.0
PO900728,2025-12-10,SUP007,Titan Tools India,W3,SKU00111,Adhesives & Sealant - Type 3,1718,1718,2025-12-24,2025-12-24,received,337.6
PO900729,2025-12-10,SUP003,Precision Bearings Ltd,W4,SKU00132,Bearing - Type 6,1063,1063,2026-01-17,2026-01-17,received,804.38
PO900730,2025-12-13,SUP014,Vishal Steel Traders,W3,SKU00125,Adhesives & Sealant - Type 17,1492,1492,2026-01-17,2026-01-18,received,76.43
PO900731,2025-12-13,SUP002,Bharat Fastener Co.,W1,SKU00116,Adhesives & Sealant - Type 8,595,595,2026-01-19,2026-01-19,received,356.93
PO900732,2025-12-13,SUP008,Sunrise Adhesives,W1,SKU00021,Electrical Component - Type 9,768,768,2026-01-01,2026-01-01,received,720.51
PO900733,2025-12-16,SUP004,Voltek Electricals,W4,SKU00003,Fastener - Type 3,746,746,2026-01-05,2026-01-05,received,21.09
PO900734,2025-12-19,SUP009,National Pipe & Fittings,W3,SKU00098,Pipes & Fitting - Type 5,1978,1978,2026-01-13,2026-01-13,received,958.68
PO900735,2025-12-19,SUP011,Everest Hardware,W3,SKU00032,Hand Tool - Type 7,1860,1860,2026-01-09,2026-01-12,received,1423.8
PO900736,2025-12-19,SUP004,Voltek Electricals,W3,SKU00002,Fastener - Type 2,1287,1287,2026-01-08,2026-01-08,received,22.21
PO900737,2025-12-22,SUP011,Everest Hardware,W2,SKU00028,Hand Tool - Type 3,1724,1724,2026-01-12,2026-01-12,received,1242.64
PO900738,2025-12-22,SUP014,Vishal Steel Traders,W1,SKU00119,Adhesives & Sealant - Type 11,701,701,2026-01-26,2026-01-26,received,324.25
PO900739,2025-12-25,SUP005,SafeGuard PPE Manufacturing,W3,SKU00073,Safety Equipment - Type 11,1436,1436,2026-01-22,2026-01-22,received,1841.77
PO900740,2025-12-25,SUP009,National Pipe & Fittings,W3,SKU00098,Pipes & Fitting - Type 5,405,405,2026-01-19,2026-01-19,received,958.68
PO900741,2025-12-25,SUP014,Vishal Steel Traders,W4,SKU00119,Adhesives & Sealant - Type 11,521,521,2026-01-29,2026-01-29,received,324.25
PO900742,2025-12-28,SUP006,Deccan Plumbing Supplies,W3,SKU00127,Bearing - Type 1,1717,1717,2026-01-13,2026-01-13,received,407.58
PO900743,2025-12-28,SUP001,Ashoka Steel Works,W4,SKU00132,Bearing - Type 6,1194,1194,2026-01-19,2026-01-19,received,804.38
PO900744,2025-12-28,SUP014,Vishal Steel Traders,W3,SKU00123,Adhesives & Sealant - Type 15,370,370,2026-02-01,2026-02-01,received,459.67
PO900745,2025-12-31,SUP005,SafeGuard PPE Manufacturing,W4,SKU00066,Safety Equipment - Type 4,1809,1809,2026-01-28,2026-01-28,received,1506.09
PO900746,2025-12-31,SUP005,SafeGuard PPE Manufacturing,W3,SKU00073,Safety Equipment - Type 11,1335,1335,2026-01-28,2026-01-28,received,1841.77
